-- phpMyAdmin SQL Dump
-- version 4.9.1
-- https://www.phpmyadmin.net/
--
-- Máy chủ: 127.0.0.1
-- Thời gian đã tạo: Th10 30, 2020 lúc 07:49 PM
-- Phiên bản máy phục vụ: 10.4.8-MariaDB
-- Phiên bản PHP: 7.3.11

SET SQL_MODE = "NO_AUTO_VALUE_ON_ZERO";
SET AUTOCOMMIT = 0;
START TRANSACTION;
SET time_zone = "+00:00";


/*!40101 SET @OLD_CHARACTER_SET_CLIENT=@@CHARACTER_SET_CLIENT */;
/*!40101 SET @OLD_CHARACTER_SET_RESULTS=@@CHARACTER_SET_RESULTS */;
/*!40101 SET @OLD_COLLATION_CONNECTION=@@COLLATION_CONNECTION */;
/*!40101 SET NAMES utf8mb4 */;

--
-- Cơ sở dữ liệu: `quanlymaytinhxachtay`
--

-- --------------------------------------------------------

--
-- Cấu trúc bảng cho bảng `tbl_hangsx`
--

CREATE TABLE `tbl_hangsx` (
  `id_hangsx` int(11) NOT NULL,
  `name_hangsx` varchar(255) COLLATE utf8_unicode_ci NOT NULL,
  `ma_cha` int(11) DEFAULT NULL
) ENGINE=InnoDB DEFAULT CHARSET=utf8 COLLATE=utf8_unicode_ci;

--
-- Đang đổ dữ liệu cho bảng `tbl_hangsx`
--

INSERT INTO `tbl_hangsx` (`id_hangsx`, `name_hangsx`, `ma_cha`) VALUES
(1, 'Dell Inspiron', 1),
(2, 'Dell Vostro', 1),
(3, 'Dell XPS ', 1),
(4, 'Lenovo Thinkpad', 2),
(5, 'MSI GL63', 3),
(6, 'MSI GamingMSI Gaming', 3),
(7, 'Lenovo Legion', 2),
(8, 'Apple', 4);

-- --------------------------------------------------------

--
-- Cấu trúc bảng cho bảng `tbl_loaisp`
--

CREATE TABLE `tbl_loaisp` (
  `id_loaisp` int(11) NOT NULL,
  `name_loaisp` varchar(128) COLLATE utf8_unicode_ci NOT NULL
) ENGINE=InnoDB DEFAULT CHARSET=utf8 COLLATE=utf8_unicode_ci;

--
-- Đang đổ dữ liệu cho bảng `tbl_loaisp`
--

INSERT INTO `tbl_loaisp` (`id_loaisp`, `name_loaisp`) VALUES
(1, 'Dell'),
(2, 'Lenovo'),
(3, 'MSI'),
(4, 'MacBook');

-- --------------------------------------------------------

--
-- Cấu trúc bảng cho bảng `tbl_oder`
--

CREATE TABLE `tbl_oder` (
  `oder` int(11) NOT NULL,
  `fullName` varchar(255) COLLATE utf8_unicode_ci DEFAULT NULL,
  `email` varchar(255) COLLATE utf8_unicode_ci DEFAULT NULL,
  `phone` varchar(255) COLLATE utf8_unicode_ci DEFAULT NULL,
  `address` varchar(255) COLLATE utf8_unicode_ci DEFAULT NULL,
  `dateOder` datetime DEFAULT NULL,
  `ptvc` int(11) DEFAULT NULL,
  `pttt` int(11) DEFAULT NULL,
  `tongTien` float(255,0) DEFAULT NULL,
  `status` tinyint(2) DEFAULT NULL
) ENGINE=InnoDB DEFAULT CHARSET=utf8 COLLATE=utf8_unicode_ci;

--
-- Đang đổ dữ liệu cho bảng `tbl_oder`
--

INSERT INTO `tbl_oder` (`oder`, `fullName`, `email`, `phone`, `address`, `dateOder`, `ptvc`, `pttt`, `tongTien`, `status`) VALUES
(2, 'Hiếu', ' thiendiavotinhbye@gmail.com', '0968227577', 'dsd', '2017-08-15 12:19:00', 2, 1, 62666, 1),
(3, 'Hiếu', ' thiendiavotinhbye@gmail.com', '0968227577', 'fdhgthtrh', '2017-08-15 12:26:00', 1, 1, 62666, 1),
(44, 'Nguyễn Văn Hiếu', ' thiendiavotinhbye@gmail.com', '84968227577', 'rr', '2017-08-22 04:38:00', 1, 1, 99406496, 1),
(45, 'Nguyễn Văn Hiếu', ' thiendiavotinhbye@gmail.com', '84968227577', 'aa', '2017-08-22 04:44:00', 1, 1, 136531200, 0),
(46, 'hoa vũ', ' hoa123@gmail.com', '353384489', 'chương mĩ hà nội', '2019-11-14 08:20:00', 2, 1, 100621800, 0),
(47, 'Vũ Thị Hoa', ' vuthihoa@gmail.com', '123456783', 'fdgfjhg', '2019-11-14 09:46:00', 1, 1, 25480500, 0),
(48, 'đặng Thị yến', ' dangyen25298@gmail.com', '353384488', 'gsgf', '2019-11-21 11:48:00', 1, 1, 24481600, 1),
(49, 'aaa', ' chunlee936@gmail.com', '(+84) 969123936', 'vp', '2020-11-25 03:03:00', 1, 1, 25480500, 1);

-- --------------------------------------------------------

--
-- Cấu trúc bảng cho bảng `tbl_oderdetail`
--

CREATE TABLE `tbl_oderdetail` (
  `id` int(11) NOT NULL,
  `oder_id` int(11) DEFAULT NULL,
  `id_sp` int(11) DEFAULT NULL,
  `name_sp` varchar(255) COLLATE utf8_unicode_ci DEFAULT NULL,
  `sl` int(11) DEFAULT NULL,
  `gia_sp` int(100) DEFAULT NULL,
  `dateOder` datetime DEFAULT NULL,
  `tong_tien` float(255,0) DEFAULT NULL
) ENGINE=InnoDB DEFAULT CHARSET=utf8 COLLATE=utf8_unicode_ci;

--
-- Đang đổ dữ liệu cho bảng `tbl_oderdetail`
--

INSERT INTO `tbl_oderdetail` (`id`, `oder_id`, `id_sp`, `name_sp`, `sl`, `gia_sp`, `dateOder`, `tong_tien`) VALUES
(24, 46, 32, 'Lenovo Legion Y530-15ICH/Core i7-8750H/8GB/1TB+128GB SSD', 1, 24240300, '2019-11-14 08:20:00', 24240300),
(25, 46, 33, 'Dell Inspiron G7 N7591/Core i5-9300H/N5I5591W', 1, 24240300, '2019-11-14 08:20:00', 24240300),
(26, 47, 33, 'Dell Inspiron G7 N7591/Core i5-9300H/N5I5591W', 1, 25450500, '2019-11-14 09:46:00', 25450500),
(27, 48, 34, 'Dell Vostro 3578A', 1, 10330600, '2019-11-21 11:48:00', 10330600),
(28, 48, 37, 'Dell Inspiron N3567S', 1, 10330600, '2019-11-21 11:48:00', 10330600),
(29, 49, 33, 'Dell Inspiron G7 N7591/Core i5-9300H/N5I5591W', 1, 25450500, '2020-11-25 03:03:00', 25450500);

-- --------------------------------------------------------

--
-- Cấu trúc bảng cho bảng `tbl_slideshow`
--

CREATE TABLE `tbl_slideshow` (
  `id` int(1) NOT NULL,
  `img1` text DEFAULT NULL,
  `img2` text DEFAULT NULL,
  `img3` text DEFAULT NULL,
  `img4` text NOT NULL
) ENGINE=InnoDB DEFAULT CHARSET=latin1;

--
-- Đang đổ dữ liệu cho bảng `tbl_slideshow`
--

INSERT INTO `tbl_slideshow` (`id`, `img1`, `img2`, `img3`, `img4`) VALUES
(1, 'slideshow/2.gif', 'slideshow/1.jpg', 'slideshow/4.png', 'slideshow/3.png\r\n');

-- --------------------------------------------------------

--
-- Cấu trúc bảng cho bảng `tbl_sp`
--

CREATE TABLE `tbl_sp` (
  `id_sp` int(11) NOT NULL,
  `name_sp` varchar(255) COLLATE utf8_unicode_ci NOT NULL,
  `id_loaisp` int(11) NOT NULL,
  `id_hangsx` int(11) NOT NULL,
  `noibat` text COLLATE utf8_unicode_ci DEFAULT NULL,
  `thongso_sp` mediumtext COLLATE utf8_unicode_ci DEFAULT NULL,
  `mota_sp` text COLLATE utf8_unicode_ci DEFAULT NULL,
  `img1` text COLLATE utf8_unicode_ci DEFAULT NULL,
  `img2` text COLLATE utf8_unicode_ci DEFAULT NULL,
  `img3` text COLLATE utf8_unicode_ci DEFAULT NULL,
  `status` tinyint(5) DEFAULT NULL,
  `dateCreate` datetime DEFAULT NULL,
  `sale` int(2) DEFAULT NULL,
  `gia_sp` float(11,0) DEFAULT NULL
) ENGINE=InnoDB DEFAULT CHARSET=utf8 COLLATE=utf8_unicode_ci;

--
-- Đang đổ dữ liệu cho bảng `tbl_sp`
--

INSERT INTO `tbl_sp` (`id_sp`, `name_sp`, `id_loaisp`, `id_hangsx`, `noibat`, `thongso_sp`, `mota_sp`, `img1`, `img2`, `img3`, `status`, `dateCreate`, `sale`, `gia_sp`) VALUES
(32, 'Lenovo Legion Y530-15ICH/Core i7-8750H/8GB/1TB+128GB SSD', 2, 7, '<p>KM1:</p><ul><li>Trả g&oacute;p 0%</li></ul><p>KM2:</p><ul><li>Tặng PMH 1,500,000đ</li></ul><p>Kh&aacute;ch h&agrave;ng được khuyến mại th&ecirc;m:</p><ul><li>Tặng Balo Laptop</li><li>Mua Combo Sinh vi&ecirc;n: Office 365 Personal + Lạc Việt gi&aacute; chỉ c&ograve;n 690,000 đồng</li><li>Giảm 25% Combo bảo vệ Laptop (Combo MDMH v&agrave; Phần mềm Diệt virus Eset) khi mua k&egrave;m m&aacute;y</li></ul>', '<p><a href=\"https://fptshop.com.vn/may-tinh-xach-tay/lenovo-legion-y530-15ich-core-i7-8750h-8gb-1tb-128gb-ssd-gtx-1050ti-4gb-81fv00suvn\" target=\"_blank\">Lenovo Legion Y530-81FV00</a> l&agrave; chiếc laptop chơi game cung cấp cho bạn sự c&acirc;n bằng ho&agrave;n hảo giữa hiệu năng v&agrave; t&iacute;nh di động. Thiết kế đẹp mắt, tối ưu để chạy m&aacute;t v&agrave; y&ecirc;n tĩnh, cấu h&igrave;nh si&ecirc;u mạnh từ bộ vi xử l&yacute; thế hệ mới nhất mang đến cho bạn trải nghiệm chơi game tuyệt vời ở bất cứ đ&acirc;u.</p><p><img alt=\"\" data-original=\"https://fptshop.com.vn/Uploads/images/2015/Tin-Tuc/QuanLNH2/lenovo-legion-y530-1.jpg\" src=\"https://fptshop.com.vn/Uploads/images/2015/Tin-Tuc/QuanLNH2/lenovo-legion-y530-1.jpg\" class=\"fr-fic fr-dii\"></p><p>&nbsp;</p><h3><strong>Ng&ocirc;n ngữ thiết kế mới cho d&ograve;ng laptop chơi game</strong></h3><p>Laptop chơi game hiện đại kh&ocirc;ng c&ograve;n l&agrave; những chiếc m&aacute;y t&iacute;nh cồng kềnh v&agrave; nặng nề. Lenovo Legion Y530 kh&ocirc;ng chỉ l&agrave; một cỗ m&aacute;y mạnh mẽ m&agrave; c&ograve;n rất thời trang v&agrave; phong c&aacute;ch ở vẻ bể ngo&agrave;i. Với trọng lượng chỉ 2,3kg v&agrave; mỏng 24mm, m&aacute;y t&iacute;nh x&aacute;ch tay Lenovo Legion Y530 rất cơ động để bạn mang đi bất cứ đ&acirc;u, mang lại sự c&acirc;n bằng l&yacute; tưởng giữa hiệu suất chơi game đỉnh cao v&agrave; t&iacute;nh di động.</p><p><img alt=\"\" data-original=\"https://fptshop.com.vn/Uploads/images/2015/Tin-Tuc/QuanLNH2/lenovo-legion-y530-2.jpg\" src=\"https://fptshop.com.vn/Uploads/images/2015/Tin-Tuc/QuanLNH2/lenovo-legion-y530-2.jpg\" class=\"fr-fic fr-dii\"></p><p>&nbsp;</p><h3><strong>Trải nghiệm h&igrave;nh ảnh mượt m&agrave; tr&ecirc;n m&agrave;n h&igrave;nh viền si&ecirc;u mỏng</strong></h3><p>Viền m&agrave;n h&igrave;nh si&ecirc;u mỏng gi&uacute;p cho h&igrave;nh ảnh hiển thị trực quan v&agrave; ấn tượng hơn rất nhiều. M&agrave;n h&igrave;nh lớn 15,6 inch độ ph&acirc;n giải Full HD sắc n&eacute;t kết hợp c&ugrave;ng độ l&agrave;m tươi l&ecirc;n tới 144 Hz để tựa game của bạn kh&ocirc;ng chỉ đẹp m&agrave; c&ograve;n mượt m&agrave; hơn. Độ s&aacute;ng 300 nits v&agrave; m&agrave;n h&igrave;nh tấm nền IPS cho g&oacute;c nh&igrave;n rộng, hiển thị tốt trong mọi ho&agrave;n cảnh.</p><p><img alt=\"\" data-original=\"https://fptshop.com.vn/Uploads/images/2015/Tin-Tuc/QuanLNH2/lenovo-legion-y530-3.jpg\" src=\"https://fptshop.com.vn/Uploads/images/2015/Tin-Tuc/QuanLNH2/lenovo-legion-y530-3.jpg\" class=\"fr-fic fr-dii\"></p><p>&nbsp;</p><h3><strong>Hiệu năng cực đỉnh d&agrave;nh cho tương lai</strong></h3><p>Lenovo Legion Y530 được trang bị cấu h&igrave;nh cực mạnh, cung cấp hiệu năng kh&ocirc;ng chỉ đ&aacute;p ứng tốt nhu cầu hiện tại m&agrave; c&ograve;n cả tương lai. Phi&ecirc;n bản Lenovo Legion Y530-81FV00 chạy vi xử l&yacute; Intel Core i7 8750H thế hệ thứ 8, 6 l&otilde;i 12 luồng si&ecirc;u mạnh, cho trải nghiệm game sống động như ch&iacute;nh bạn đang đắm ch&igrave;m trong c&acirc;u chuyện.</p><p><img alt=\"\" data-original=\"https://fptshop.com.vn/Uploads/images/2015/Tin-Tuc/QuanLNH2/lenovo-legion-y530-4.jpg\" src=\"https://fptshop.com.vn/Uploads/images/2015/Tin-Tuc/QuanLNH2/lenovo-legion-y530-4.jpg\" class=\"fr-fic fr-dii\"></p><p>&nbsp;</p><h3><strong>Đồ họa chuy&ecirc;n nghiệp cho game thủ</strong></h3><p>L&agrave; một chiếc laptop d&agrave;nh để chơi game, Legion Y530 c&oacute; khả năng xử l&yacute; đồ họa cực đỉnh với VGA rời Nvidia GeForce GTX 1050, kiến tr&uacute;c Pascal ti&ecirc;n tiến. GPU n&agrave;y gi&uacute;p tăng hiệu suất ở độ n&eacute;t cao v&agrave; hỗ trợ c&aacute;c t&iacute;nh năng DirectX12, game chạy si&ecirc;u nhanh, mượt m&agrave; v&agrave; tiết kiệm năng lượng.</p><p><img alt=\"\" data-original=\"https://fptshop.com.vn/Uploads/images/2015/Tin-Tuc/QuanLNH2/lenovo-legion-y530-5.jpg\" src=\"https://fptshop.com.vn/Uploads/images/2015/Tin-Tuc/QuanLNH2/lenovo-legion-y530-5.jpg\" class=\"fr-fic fr-dii\"></p><p>&nbsp;</p><h3><strong>Mạnh mẽ tr&ecirc;n từng Milimet</strong></h3><p>Với kinh nghiệm sản xuất laptop chơi game, c&aacute;c kỹ sư của Lenovo đ&atilde; l&agrave;m việc chăm chỉ để tạo ra Legion Y530 đại diện cho sự s&aacute;ng tạo đỉnh cao. Mọi chi tiết tr&ecirc;n m&aacute;y đều được t&iacute;nh to&aacute;n v&agrave; kết nối ho&agrave;n hảo, phục vụ tối ưu cho khả năng chơi game. Từ pin, vị tr&iacute; chip cầu nam đến tản nhiệt, bo mạch chủ đều được ch&uacute; trọng để kết hợp lại th&agrave;nh phần cứng tốt nhất, tạo n&ecirc;n chiếc laptop chơi game mạnh mẽ trong h&igrave;nh h&agrave;i mỏng gọn.</p><p><img alt=\"\" data-original=\"https://fptshop.com.vn/Uploads/images/2015/Tin-Tuc/QuanLNH2/lenovo-legion-y530-6.jpg\" src=\"https://fptshop.com.vn/Uploads/images/2015/Tin-Tuc/QuanLNH2/lenovo-legion-y530-6.jpg\" class=\"fr-fic fr-dii\"></p><p>&nbsp;</p><h3><strong>B&agrave;n ph&iacute;m phản hồi ch&iacute;nh x&aacute;c</strong></h3><p>B&agrave;n ph&iacute;m l&agrave; phương tiện để bạn thao t&aacute;c trực tiếp v&agrave;o c&aacute;c tựa game, ch&iacute;nh v&igrave; vậy phản hồi v&agrave; độ ch&iacute;nh x&aacute;c của n&oacute; rất quan trọng. Lenovo Legion Y530 cung cấp b&agrave;n ph&iacute;m v&agrave; b&agrave;n ph&iacute;m số đầy đủ, đ&egrave;n nền m&agrave;u trắng, h&agrave;nh tr&igrave;nh ph&iacute;m ti&ecirc;u chuẩn 1,7mm, mang đến trải nghiệm chơi game tiện lợi v&agrave; thoải m&aacute;i nhất.</p><p><img alt=\"\" data-original=\"https://fptshop.com.vn/Uploads/images/2015/Tin-Tuc/QuanLNH2/lenovo-legion-y530-7.jpg\" src=\"https://fptshop.com.vn/Uploads/images/2015/Tin-Tuc/QuanLNH2/lenovo-legion-y530-7.jpg\" class=\"fr-fic fr-dii\"></p><p>&nbsp;</p><h3><strong>Hoạt động &ecirc;m &aacute;i v&agrave; m&aacute;t mẻ</strong></h3><p>Nhiệt độ ch&iacute;nh l&agrave; &ldquo;kẻ th&ugrave;&rdquo; của hiệu năng chơi game, khi nhiệt độ sẽ l&agrave;m linh kiện n&oacute;ng l&ecirc;n v&agrave; giảm hiệu suất. Tuy nhi&ecirc;n đ&oacute; kh&ocirc;ng phải l&agrave; vấn đề của Y530. Chiếc laptop n&agrave;y c&oacute; hệ thống tản nhiệt k&ecirc;nh đ&ocirc;i, cho khả năng l&agrave;m m&aacute;t CPU v&agrave; GPU hiệu quả với 4 lỗ th&ocirc;ng hơi cải thiện luồng kh&iacute;. Đồng thời tiếng ồn cũng được khống chế để m&aacute;y lu&ocirc;n hoạt động &ecirc;m &aacute;i v&agrave; m&aacute;t mẻ.</p><p><img alt=\"\" data-original=\"https://fptshop.com.vn/Uploads/images/2015/Tin-Tuc/QuanLNH2/lenovo-legion-y530-8.jpg\" src=\"https://fptshop.com.vn/Uploads/images/2015/Tin-Tuc/QuanLNH2/lenovo-legion-y530-8.jpg\" class=\"fr-fic fr-dii\"></p><p>&nbsp;</p><h3><strong>Chất lượng &acirc;m thanh giải tr&iacute; mạnh mẽ</strong></h3><p>C&ocirc;ng nghệ &acirc;m thanh Dolby Audio tr&ecirc;n Lenovo Y530 n&acirc;ng cao chất lượng giải tr&iacute; của bạn với &acirc;m thanh mạnh mẽ v&agrave; sống động. Bạn sẽ được tận hưởng những &acirc;m thanh chuy&ecirc;n nghiệp như trong rạp h&aacute;t khi laptop ph&aacute;t ra giả lập &acirc;m thanh v&ograve;m ảo. &Acirc;m bass cực d&agrave;y, &acirc;m lượng lớn, r&otilde; r&agrave;ng, kh&ocirc;ng bị m&eacute;o tiếng cho bạn những ph&uacute;t gi&acirc;y giải tr&iacute; hấp dẫn.</p><p><br></p>', '<ul><li><label>CPU :</label><a href=\"https://fptshop.com.vn/tin-tuc/danh-gia/tim-hieu-cac-dong-cpu-intel-tren-laptop56395\" target=\"_blank\">Intel, Core i7</a></li><li><label>RAM :</label><a href=\"https://fptshop.com.vn/tin-tuc/danh-gia/ram-la-gi-56446\" target=\"_blank\">8 GB, DDR4</a></li><li><label>Ổ cứng :</label><a href=\"https://fptshop.com.vn/tin-tuc/danh-gia/o-cung-la-gi-va-cac-loai-o-cung-thong-dung-hien-nay-56458\" target=\"_blank\">SDD + HDD, 128 GB + 1 TB</a></li><li><label>M&agrave;n h&igrave;nh :</label><a href=\"https://fptshop.com.vn/tin-tuc/danh-gia/moi-thu-ban-can-biet-khi-chon-man-hinh-laptop-56415\" target=\"_blank\">15.6 inches, 1920 x 1200 Pixels</a></li><li><label>Card m&agrave;n h&igrave;nh :</label><a href=\"https://fptshop.com.vn/tin-tuc/danh-gia/vga-la-gi-phan-loai-va-cac-kiem-tra-vga-tren-laptop-56463\" target=\"_blank\">NVIDIA&reg; GeForce&reg; GTX 1050, Card rời</a></li><li><label>Cổng kết nối :</label>LAN : 10/100/1000Mbps, WIFI : C&oacute;</li><li><label>Hệ điều h&agrave;nh :</label><a href=\"https://fptshop.com.vn/tin-tuc/tin-moi/tong-hop-cac-he-dieu-hanh-thong-dung-tren-laptop-56318\" target=\"_blank\">FreeDOS</a></li><li><label>Trọng lượng :</label>2.20 Kg</li><li><label>K&iacute;ch thước :</label>386 x 263 x 22 mm</li><li><label>Xuất xứ :</label>Trung Quốc</li><li><label>Năm sản xuất :</label>2018</li></ul>', 'upload/lenovo1.PNG', 'upload/lenovo2.PNG', 'upload/lenovo3.PNG', 0, '2019-11-06 05:05:19', 3, 24990000),
(33, 'Dell Inspiron G7 N7591/Core i5-9300H/N5I5591W', 1, 1, '<ul><li>Tặng Chu&ocirc;̣t kh&ocirc;ng d&acirc;y Zadez M390 <a href=\"https://fptshop.com.vn/phu-kien/chuot-khong-day-zadez-m390\" target=\"_blank\">Xem chi tiết</a></li></ul><p>Kh&aacute;ch h&agrave;ng được khuyến mại th&ecirc;m:</p><ul><li>Tặng Balo Laptop</li><li>Mua Combo Sinh vi&ecirc;n: Office 365 Personal + Lạc Việt gi&aacute; chỉ c&ograve;n 690,000 đồng</li><li>Giảm 25% Combo bảo vệ Laptop (Combo MDMH v&agrave; Phần mềm Diệt virus Eset) khi mua k&egrave;m m&aacute;y</li></ul>', '<p><strong>Nằm ở ph&acirc;n kh&uacute;c laptop cao cấp, Dell Inspiron N7591 l&agrave; phương tiện l&agrave;m việc l&yacute; tưởng của những doanh nh&acirc;n th&agrave;nh đạt khi sở hữu thiết kế cơ động, m&agrave;n h&igrave;nh lớn v&agrave; hiệu năng cực đỉnh.</strong></p><p><strong><img alt=\"Dell Inspiron N7591\" data-original=\"https://fptshop.com.vn/Uploads/images/2015/Tin-Tuc/QuanLNH2/dell-7591-10.jpg\" src=\"https://fptshop.com.vn/Uploads/images/2015/Tin-Tuc/QuanLNH2/dell-7591-10.jpg\" class=\"fr-fic fr-dii\"></strong></p><h3><strong>Thiết kế sang trọng lịch l&atilde;m, si&ecirc;u gọn nhẹ</strong></h3><p>Dell Inspiron N7591 được chế t&aacute;c như một t&aacute;c phẩm nghệ thuật khi sở hữu ngoại h&igrave;nh rất thanh lịch, mỏng nhẹ đến kh&ocirc;ng ngờ. To&agrave;n th&acirc;n laptop c&oacute; m&agrave;u trắng bạc thời trang, ho&agrave;n thiện chắc chắn v&agrave; v&aacute;t mỏng đều ở c&aacute;c g&oacute;c cạnh. Trọng lượng m&aacute;y chỉ chưa đến 2kg, rất nhẹ đối với một chiếc m&aacute;y t&iacute;nh m&agrave;n h&igrave;nh 15,6 inch hiệu năng cao. Bạn c&oacute; thể dễ d&agrave;ng mang Dell N7591 đi bất cứ đ&acirc;u nhờ t&iacute;nh si&ecirc;u di động của m&aacute;y.</p><p><img alt=\"thiết kế Dell Inspiron N7591\" data-original=\"https://fptshop.com.vn/Uploads/images/2015/Tin-Tuc/QuanLNH2/dell-7591-5.jpg\" src=\"https://fptshop.com.vn/Uploads/images/2015/Tin-Tuc/QuanLNH2/dell-7591-5.jpg\" class=\"fr-fic fr-dii\"></p><h3><strong>M&agrave;n h&igrave;nh lớn 15,6 inch tr&agrave;n viền ho&agrave;n hảo</strong></h3><p>L&agrave; một chiếc laptop cao cấp, Dell Inspiron N7591 sở hữu m&agrave;n h&igrave;nh rất ấn tượng. M&agrave;n h&igrave;nh n&agrave;y c&oacute; k&iacute;ch thước 15,6 inch độ ph&acirc;n giải Full HD sắc n&eacute;t, viền mỏng đều ở tất cả c&aacute;c cạnh b&ecirc;n. Khi bạn xem video, h&igrave;nh ảnh sống động như thế giới thực, m&agrave;u sắc phong ph&uacute; v&agrave; rực rỡ, cho bạn đắm ch&igrave;m v&agrave;o những bộ phim y&ecirc;u th&iacute;ch. B&ecirc;n cạnh m&agrave;n h&igrave;nh xuất sắc, hệ thống &acirc;m thanh Waves MaxxAudio Pro cho chất lượng &acirc;m thanh lớn, r&otilde; r&agrave;ng, sắc n&eacute;t như trải nghiệm ph&ograve;ng thu. Tất cả sẽ mang đến trải nghiệm giải tr&iacute; ho&agrave;n hảo.</p><p><img alt=\"màn hình Dell Inspiron N7591\" data-original=\"https://fptshop.com.vn/Uploads/images/2015/Tin-Tuc/QuanLNH2/dell-7591-8.jpg\" src=\"https://fptshop.com.vn/Uploads/images/2015/Tin-Tuc/QuanLNH2/dell-7591-8.jpg\" class=\"fr-fic fr-dii\"></p><h3><strong>Ấn tượng với bộ vi xử l&yacute; Intel thế hệ thứ 9</strong></h3><p>Dell Inspiron N7591 một trong những laptop đầu ti&ecirc;n được trang bị bộ vi xử l&yacute; Intel Core i5 thế hệ thứ 9. Con chip 9300H tr&ecirc;n Dell N7591 c&oacute; 4 nh&acirc;n 8 luồng, bộ nhớ đệm 8MB SmartCache v&agrave; tốc độ CPU 2.4GHz &ndash; 4.1GHz. Với bộ vi xử l&yacute; n&agrave;y, Dell Inspiron N7591 c&oacute; khả năng xử l&yacute; mượt m&agrave;, nhanh ch&oacute;ng mọi t&aacute;c vụ. Đi c&ugrave;ng với con chip mạnh mẽ, laptop c&oacute; sẵn 8GB RAM DDR4 v&agrave; 2 khe cắm RAM, xử l&yacute; đa nhiệm ho&agrave;n hảo, dễ d&agrave;ng n&acirc;ng cấp.</p><p><img alt=\"chip Dell Inspiron N7591\" data-original=\"https://fptshop.com.vn/Uploads/images/2015/Tin-Tuc/QuanLNH2/dell-7591-4.png\" src=\"https://fptshop.com.vn/Uploads/images/2015/Tin-Tuc/QuanLNH2/dell-7591-4.png\" class=\"fr-fic fr-dii\"></p><h3><strong>Card rời mạnh mẽ, đồ họa v&agrave; chơi game hiệu quả</strong></h3><p>L&agrave; chiếc laptop phục vụ cho c&ocirc;ng việc, Dell Inspiron N7591 đủ sức để giải quyết những t&aacute;c vụ phức tạp như xử l&yacute; đồ họa. C&oacute; sẵn card rời NVIDIA GeForce GTX 1050 v&ocirc; c&ugrave;ng mạnh mẽ, Dell N7591 kh&ocirc;ng chỉ chạy tốt những phần mềm đồ họa chuy&ecirc;n s&acirc;u m&agrave; c&ograve;n chơi được những tựa game đ&ograve;i hỏi cấu h&igrave;nh cao tr&ecirc;n m&aacute;y t&iacute;nh. D&ugrave; l&agrave; bất cứ t&aacute;c vụ n&agrave;o, Dell Inspiron 7591 cũng ho&agrave;n th&agrave;nh xuất sắc nhờ hiệu năng l&yacute; tưởng.</p><p><img alt=\"card màn hình Dell Inspiron N7591\" data-original=\"https://fptshop.com.vn/Uploads/images/2015/Tin-Tuc/QuanLNH2/dell-7591-1.jpg\" src=\"https://fptshop.com.vn/Uploads/images/2015/Tin-Tuc/QuanLNH2/dell-7591-1.jpg\" class=\"fr-fic fr-dii\"></p><h3><strong>Sự kh&aacute;c biệt từ ổ cứng SSD thế hệ mới</strong></h3><p>Dell Inspiron N7591 sử dụng ổ cứng thể rắn SSD cao cấp, cho tốc độ truyền dữ liệu nhanh hơn, vận h&agrave;nh &ecirc;m &aacute;i v&agrave; độ bền vượt trội so với ổ cứng HDD th&ocirc;ng thường. B&ecirc;n cạnh 256GB SSD sẵn c&oacute;, bạn c&ograve;n c&oacute; thể n&acirc;ng cấp dễ d&agrave;ng bằng c&aacute;ch lắp th&ecirc;m ổ cứng để tăng cường kh&ocirc;ng gian lưu trữ.</p><p><img alt=\"ổ cứng Dell Inspiron N7591\" data-original=\"https://fptshop.com.vn/Uploads/images/2015/Tin-Tuc/QuanLNH2/dell-7591-9.jpg\" src=\"https://fptshop.com.vn/Uploads/images/2015/Tin-Tuc/QuanLNH2/dell-7591-9.jpg\" class=\"fr-fic fr-dii\"></p><h3><strong>Tản nhiệt th&ocirc;ng minh</strong></h3><p>Với một chiếc laptop thiết kế mỏng cấu h&igrave;nh cao th&igrave; tản nhiệt lu&ocirc;n l&agrave; vấn đề nan giải. Tuy nhi&ecirc;n bạn kh&ocirc;ng cần phải lo lắng về tản nhiệt tr&ecirc;n Dell Inspiron N7591. Nhờ hai ống tản nhiệt th&ocirc;ng minh chạy xung quanh c&aacute;c linh kiện quan trọng v&agrave; hệ thống quạt k&eacute;p, laptop lu&ocirc;n lu&ocirc;n m&aacute;t mẻ, đảm bảo hiệu suất ổn định d&ugrave; sử dụng trong thời gian d&agrave;i. Ngo&agrave;i ra, thiết kế bản lề tinh tế của Dell N7591 n&acirc;ng nhẹ laptop l&ecirc;n một ch&uacute;t so với mặt b&agrave;n, tăng cường khả năng lưu th&ocirc;ng kh&ocirc;ng kh&iacute;, mang đến khả năng tản nhiệt hiệu quả hơn.</p><p><img alt=\"tản nhiệt Dell Inspiron N7591\" data-original=\"https://fptshop.com.vn/Uploads/images/2015/Tin-Tuc/QuanLNH2/dell-7591-11.jpg\" src=\"https://fptshop.com.vn/Uploads/images/2015/Tin-Tuc/QuanLNH2/dell-7591-11.jpg\" class=\"fr-fic fr-dii\"></p><h3><strong>Cổng kết nối Thunderbolt 3 ti&ecirc;n tiến</strong></h3><p>Cổng USB Type-C hỗ trợ Thunderbolt 3 tr&ecirc;n Dell N7591 l&agrave; cổng kết nối ưu việt bậc nhất hiện nay. Bạn c&oacute; thể sạc laptop, kết nối nhiều thiết bị với tốc độ truyền dữ liệu l&ecirc;n tới 40Gbps, gấp 8 lần so với USB 3.1 Gen 1. Ngo&agrave;i ra, Dell Inspiron 7591 vẫn c&oacute; đầy đủ c&aacute;c cổng kết nối hỗ trợ c&ocirc;ng việc như USB 3.1 Gen 1, HDMI, cổng mạng, Headphone, Display, &hellip;</p><p><img alt=\"kết nối Dell Inspiron N7591\" data-original=\"https://fptshop.com.vn/Uploads/images/2015/Tin-Tuc/QuanLNH2/dell-7591-6.jpg\" src=\"https://fptshop.com.vn/Uploads/images/2015/Tin-Tuc/QuanLNH2/dell-7591-6.jpg\" class=\"fr-fic fr-dii\"></p><h3><strong>Người bạn đồng h&agrave;nh đ&aacute;ng tin cậy</strong></h3><p>Dell Inspiron 7591 được thiết kế để l&agrave;m người đồng h&agrave;nh lu&ocirc;n lu&ocirc;n hiểu bạn muốn g&igrave;. Hệ thống cảm biến sẽ nhận diện bạn đang cầm laptop trong tay, để tr&ecirc;n đ&ugrave;i hay tr&ecirc;n b&agrave;n. Khi bạn đặt m&aacute;y tr&ecirc;n đ&ugrave;i, laptop sẽ giảm nhiệt độ, kh&ocirc;ng l&agrave;m bạn kh&oacute; chịu v&igrave; m&aacute;y n&oacute;ng. C&ograve;n khi bạn để m&aacute;y t&iacute;nh tr&ecirc;n b&agrave;n, to&agrave;n bộ sức mạnh sẽ được giải ph&oacute;ng để bạn c&oacute; được hiệu suất l&agrave;m việc tối đa.</p><p><img alt=\"bạn đồng hành Dell Inspiron N7591\" data-original=\"https://fptshop.com.vn/Uploads/images/2015/Tin-Tuc/QuanLNH2/dell-7591-2.jpg\" src=\"https://fptshop.com.vn/Uploads/images/2015/Tin-Tuc/QuanLNH2/dell-7591-2.jpg\" class=\"fr-fic fr-dii\"></p><h3><strong>Mở kh&oacute;a nhanh ch&oacute;ng sau một chạm</strong></h3><p>Một đầu đọc v&acirc;n tay được t&iacute;ch hợp ngay tr&ecirc;n ph&iacute;m nguồn của Dell N7591, cho ph&eacute;p bạn mở kh&oacute;a v&agrave; đăng nhập chỉ sau một lần chạm. Kh&ocirc;ng cần nhập mật khẩu v&agrave; đảm bảo an to&agrave;n, Dell Inspiron 7591 lu&ocirc;n khiến bạn y&ecirc;n t&acirc;m về bảo mật.</p><p><img alt=\"mở khóa Dell Inspiron N7591\" data-original=\"https://fptshop.com.vn/Uploads/images/2015/Tin-Tuc/QuanLNH2/dell-7591-3.png\" src=\"https://fptshop.com.vn/Uploads/images/2015/Tin-Tuc/QuanLNH2/dell-7591-3.png\" class=\"fr-fic fr-dii\"></p>', '<ul><li><label>CPU :</label><a href=\"https://fptshop.com.vn/tin-tuc/danh-gia/tim-hieu-cac-dong-cpu-intel-tren-laptop56395\" target=\"_blank\">Intel, Core i5</a></li><li><label>RAM :</label><a href=\"https://fptshop.com.vn/tin-tuc/danh-gia/ram-la-gi-56446\" target=\"_blank\">8 GB, DDR4</a></li><li><label>Ổ cứng :</label><a href=\"https://fptshop.com.vn/tin-tuc/danh-gia/ssd-la-gi-nhung-uu-diem-so-voi-o-cung-hdd-thuong-56396\" target=\"_blank\">SSD, 256 GB</a></li><li><label>M&agrave;n h&igrave;nh :</label><a href=\"https://fptshop.com.vn/tin-tuc/danh-gia/moi-thu-ban-can-biet-khi-chon-man-hinh-laptop-56415\" target=\"_blank\">15.6 inchs, 1920 x 1080 Pixels</a></li><li><label>Card m&agrave;n h&igrave;nh :</label>VGA GeForce GTX 1050 3GB GDDR5, Card rời</li><li><label>Cổng kết nối :</label>LAN : 10/100 Mbps, WIFI : 802.11 ac</li><li><label>Hệ điều h&agrave;nh :</label><a href=\"https://fptshop.com.vn/tin-tuc/tin-moi/tong-hop-cac-he-dieu-hanh-thong-dung-tren-laptop-56318\" target=\"_blank\">Windows 10 Home</a></li><li><label>Trọng lượng :</label>2kg</li><li><label>K&iacute;ch thước :</label>35.8x23.9x2.0</li></ul>', 'upload/1.PNG', 'upload/dell2.PNG', 'upload/1.PNG', 1, '2019-11-06 05:11:09', 5, 26790000),
(34, 'Dell Vostro 3578A', 1, 2, '<ul><li>Tặng Chu&ocirc;̣t kh&ocirc;ng d&acirc;y Zadez M390 <a href=\"https://fptshop.com.vn/phu-kien/chuot-khong-day-zadez-m390\" target=\"_blank\">Xem chi tiết</a></li><li>Tặng Balo Laptop</li><li>Mua Combo Sinh vi&ecirc;n: Office 365 Personal + Lạc Việt gi&aacute; chỉ c&ograve;n 690,000 đồng</li><li>Giảm 25% Combo bảo vệ Laptop (Combo MDMH v&agrave; Phần mềm Diệt virus Eset) khi mua k&egrave;m m&aacute;y</li></ul>', '<ul><li><label>CPU :</label><a href=\"https://fptshop.com.vn/tin-tuc/danh-gia/tim-hieu-cac-dong-cpu-intel-tren-laptop56395\" target=\"_blank\">Intel, Core I5</a></li><li><label>RAM :</label><a href=\"https://fptshop.com.vn/tin-tuc/danh-gia/ram-la-gi-56446\" target=\"_blank\">4 GB, DDR4</a></li><li><label>Ổ cứng :</label><a href=\"https://fptshop.com.vn/tin-tuc/danh-gia/o-cung-la-gi-va-cac-loai-o-cung-thong-dung-hien-nay-56458\" target=\"_blank\">HDD, 1000 GB</a></li><li><label>M&agrave;n h&igrave;nh :</label><a href=\"https://fptshop.com.vn/tin-tuc/danh-gia/moi-thu-ban-can-biet-khi-chon-man-hinh-laptop-56415\" target=\"_blank\">15.6 inchs, 1920 x 1080 pixels</a></li><li><label>Card m&agrave;n h&igrave;nh :</label><a href=\"https://fptshop.com.vn/tin-tuc/danh-gia/tim-hieu-ve-card-do-hoa-cua-amd-56464\" target=\"_blank\">AMD Radeon 520, Card rời</a></li><li><label>Cổng kết nối :</label>LAN : 10/100/1000Mbps, WIFI : 802.11 1x1 ac</li><li><label>Hệ điều h&agrave;nh :</label><a href=\"https://fptshop.com.vn/tin-tuc/tin-moi/tong-hop-cac-he-dieu-hanh-thong-dung-tren-laptop-56318\" target=\"_blank\">Ubuntu</a></li><li><label>Trọng lượng :</label>2.2 Kg</li><li><label>K&iacute;ch thước :</label>380 x 260 x 23.65 mm</li></ul>', '<p><strong>Dell Vostro 3578A l&agrave; d&ograve;ng laptop chuy&ecirc;n nghiệp th&iacute;ch hợp cho những doanh nh&acirc;n hoặc người l&agrave;m văn ph&ograve;ng, tập trung nhiều cho c&ocirc;ng việc.</strong></p><h2><strong>Tốc độ xử l&yacute; nhanh, kh&ocirc;ng gian lưu trữ rộng lớn</strong></h2><p>Được c&agrave;i sẵn con chip Intel Core i5 8250U thế hệ thứ 8 Coffee Lake mới nhất xung nhịp tối đa l&ecirc;n tới 3.40GHz, Dell Vostro 3578A chạy rất nhanh v&agrave; mượt m&agrave;, c&oacute; thể xử l&yacute; tốt ở mọi t&aacute;c vụ. Dung lượng RAM c&oacute; sẵn tr&ecirc;n m&aacute;y l&agrave; 4GB DDR4 ti&ecirc;n tiến v&agrave; bạn c&oacute; thể dễ d&agrave;ng n&acirc;ng cấp RAM với chi ph&iacute; tiết kiệm th&ocirc;ng qua khe cắm RAM thứ hai. Đặc biệt, Dell Vostro 3578A c&ograve;n trang bị VGA rời AMD Radeon 520, tối ưu cho những ứng dụng đồ họa v&agrave; nhiều game giải tr&iacute; d&agrave;nh cho bạn.</p><p>Ổ cứng tr&ecirc;n Dell Vostro 3578A dung lượng cực lớn 1TB, đủ sức lưu trữ mọi t&agrave;i liệu m&agrave; bạn cần, phục vụ tối đa cho c&ocirc;ng việc.</p><p><img alt=\"\" data-original=\"https://fptshop.com.vn/Uploads/images/2015/Tin-Tuc/QuanLNH2/dell-3578-1.jpg\" src=\"https://fptshop.com.vn/Uploads/images/2015/Tin-Tuc/QuanLNH2/dell-3578-1.jpg\" class=\"fr-fic fr-dii\"></p><h2><strong>Bảo mật tin cậy qua cảm biến v&acirc;n tay</strong></h2><p>Tr&ecirc;n Dell Vostro 3578A, bạn c&oacute; thể mở m&aacute;y v&agrave; đăng nhập nhanh ch&oacute;ng th&ocirc;ng qua cảm biến v&acirc;n tay t&iacute;ch hợp sẵn. Sẽ kh&ocirc;ng c&ograve;n mối lo mất mật khẩu hay bị người kh&aacute;c &ldquo;nh&igrave;n trộm&rdquo; mật khẩu nhờ sự kết hợp giữa v&acirc;n tay v&agrave; t&iacute;nh năng nhận dạng sinh trắc học Windows 10 Hello. Chỉ cần một lần chạm, m&aacute;y t&iacute;nh sẽ đăng nhập một c&aacute;ch tiện lợi v&agrave; an to&agrave;n.</p><p><img alt=\"\" data-original=\"https://fptshop.com.vn/Uploads/images/2015/Tin-Tuc/QuanLNH2/dell-3578-3.jpg\" src=\"https://fptshop.com.vn/Uploads/images/2015/Tin-Tuc/QuanLNH2/dell-3578-3.jpg\" class=\"fr-fic fr-dii\"></p><h2><strong>Những t&iacute;nh năng cần thiết cho c&ocirc;ng việc</strong></h2><p>L&agrave; chiếc laptop hướng đến đối tượng doanh nghiệp v&agrave; những người thường xuy&ecirc;n sử dụng laptop cho c&ocirc;ng việc, Dell Vostro 3578A c&oacute; nhiều t&iacute;nh năng để hỗ trợ bạn một c&aacute;ch tốt nhất:</p><p>Đầy đủ cổng kết nối tr&igrave;nh chiếu: C&oacute; sẵn cả cổng HDMI v&agrave; VGA gi&uacute;p Dell 3578A c&oacute; thể dễ d&agrave;ng kết nối với m&aacute;y chiếu hay m&agrave;n h&igrave;nh phụ c&ugrave;ng l&uacute;c để tăng năng suất l&agrave;m việc.</p><p>Truyền dữ liệu nhanh như chớp: Với hai cổng USB 3.0 ti&ecirc;n tiến v&agrave; đầu đọc thẻ nhớ SD, Dell Vostro 3578A sẽ truyền dữ liệu với c&aacute;c thiết bị kh&aacute;c nhanh hơn.</p><p>Ổ đĩa DVD: D&ugrave; đĩa DVD kh&ocirc;ng c&ograve;n qu&aacute; phổ biến hiện nay, nhưng trong c&ocirc;ng việc th&igrave; đ&acirc;y vẫn l&agrave; một c&ocirc;ng cụ kh&aacute; cần thiết. Dell 3578A c&oacute; sẵn ổ đĩa DVD để bạn c&oacute; thể đọc v&agrave; ghi ra đĩa nhanh ch&oacute;ng.</p><p><img alt=\"\" data-original=\"https://fptshop.com.vn/Uploads/images/2015/Tin-Tuc/QuanLNH2/dell-3578-4.jpg\" src=\"https://fptshop.com.vn/Uploads/images/2015/Tin-Tuc/QuanLNH2/dell-3578-4.jpg\" class=\"fr-fic fr-dii\"></p><h2><strong>M&agrave;n h&igrave;nh v&agrave; &acirc;m thanh xuất sắc</strong></h2><p>Dell Vostro 3578A c&oacute; m&agrave;n h&igrave;nh lớn 15,6 inch v&agrave; độ ph&acirc;n giải rất cao Full HD 1920 x 1080 pixels. M&agrave;n h&igrave;nh n&agrave;y sẽ hiển thị sắc n&eacute;t đến từng chi tiết mọi nội dung trước mặt bạn, đồng thời c&ocirc;ng nghệ chống ch&oacute;i Anti Glare gi&uacute;p cho g&oacute;c nh&igrave;n rộng hơn, hoạt động tốt kể cả khi ở ngo&agrave;i trời. B&ecirc;n cạnh đ&oacute; &acirc;m thanh tr&ecirc;n Dell 3578A cũng rất lớn, độ chi tiết cao nhờ hệ thống &acirc;m thanh Waves MaxxAudio Pro chuy&ecirc;n nghiệp.</p><h2><strong>B&agrave;n ph&iacute;m Full Size tiện dụng</strong></h2><p>L&agrave; chiếc laptop 15,6 inch, Dell Vostro 3578A trang bị b&agrave;n ph&iacute;m đầy đủ dạng Full Size với khu vực ph&iacute;m số ri&ecirc;ng biệt, rất tiện lợi khi c&ocirc;ng việc của bạn phải thao t&aacute;c nhiều với những con số. B&agrave;n ph&iacute;m Vostro 3578A được l&agrave;m theo dạng chiclet, g&otilde; cực &ecirc;m v&agrave; độ phản hồi tốt. Đặc biệt, b&agrave;n ph&iacute;m n&agrave;y c&ograve;n chống nước, an to&agrave;n v&agrave; cho tuổi thọ ph&iacute;m cao hơn. Trong khi đ&oacute; chuột cảm ứng Touchpad đa điểm rất nhạy, đầy đủ cử chỉ th&ocirc;ng minh cho bạn trải nghiệm thao t&aacute;c nhanh hơn cả chuột rời.</p><p><img alt=\"\" data-original=\"https://fptshop.com.vn/Uploads/images/2015/Tin-Tuc/QuanLNH2/dell-3578-2.jpg\" src=\"https://fptshop.com.vn/Uploads/images/2015/Tin-Tuc/QuanLNH2/dell-3578-2.jpg\" class=\"fr-fic fr-dii\"></p>', 'upload/2.PNG', 'upload/4.1.PNG', 'upload/4.2.PNG', 1, '2019-11-06 05:14:07', 10, 15690000),
(35, 'Dell XPS15/i7-8750H', 1, 3, '<ul><li>Tặng Chu&ocirc;̣t kh&ocirc;ng d&acirc;y Zadez M390 <a href=\"https://fptshop.com.vn/phu-kien/chuot-khong-day-zadez-m390\" target=\"_blank\">Xem chi tiết</a></li></ul><p>Kh&aacute;ch h&agrave;ng được khuyến mại th&ecirc;m:</p><ul><li>Tặng Balo Laptop</li><li>Mua Combo Sinh vi&ecirc;n: Office 365 Personal + Lạc Việt gi&aacute; chỉ c&ograve;n 690,000 đồng</li><li>Giảm 25% Combo bảo vệ Laptop (Combo MDMH v&agrave; Phần mềm Diệt virus Eset) khi mua k&egrave;m m&aacute;y</li></ul>', '<ul><li><label>CPU :</label><a href=\"https://fptshop.com.vn/tin-tuc/danh-gia/tim-hieu-cac-dong-cpu-intel-tren-laptop56395\" target=\"_blank\">Intel , Core i7</a></li><li><label>RAM :</label><a href=\"https://fptshop.com.vn/tin-tuc/danh-gia/ram-la-gi-56446\" target=\"_blank\">16 GB, DDR4</a></li><li><label>Ổ cứng :</label><a href=\"https://fptshop.com.vn/tin-tuc/danh-gia/ssd-la-gi-nhung-uu-diem-so-voi-o-cung-hdd-thuong-56396\" target=\"_blank\">SSD PCLE, 512 GB</a></li><li><label>M&agrave;n h&igrave;nh :</label><a href=\"https://fptshop.com.vn/tin-tuc/danh-gia/moi-thu-ban-can-biet-khi-chon-man-hinh-laptop-56415\" target=\"_blank\">15.6 inchs, 1920 x 1080 Pixels</a></li><li><label>Card m&agrave;n h&igrave;nh :</label><a href=\"https://fptshop.com.vn/tin-tuc/danh-gia/vga-la-gi-phan-loai-va-cac-kiem-tra-vga-tren-laptop-56463\" target=\"_blank\">NVIDIA GEFORCE GTX 1050 4GB GDDR5, Card rời</a></li><li><label>Cổng kết nối :</label>LAN : 10/100/1000, WIFI : 802.11ac Dual Band</li><li><label>Hệ điều h&agrave;nh :</label><a href=\"https://fptshop.com.vn/tin-tuc/tin-moi/tong-hop-cac-he-dieu-hanh-thong-dung-tren-laptop-56318\" target=\"_blank\">Windows 10 Home Plus</a></li><li><label>Trọng lượng :</label>1.80 Kg</li><li><label>K&iacute;ch thước :</label>304.16 x 200.25 x 8.95 mm</li></ul>', '<p><strong>Si&ecirc;u gọn g&agrave;ng v&agrave; v&ocirc; c&ugrave;ng mạnh mẽ, xin giới thiệu với c&aacute;c bạn Dell XPS15/i7-8750H, chiếc laptop m&agrave;n h&igrave;nh 15,6 inch nhỏ gọn nhất thế giới, đồng thời mang tr&ecirc;n m&igrave;nh hiệu năng đ&aacute;ng kinh ngạc.</strong></p><p><strong><img alt=\"\" data-original=\"https://fptshop.com.vn/Uploads/images/2015/Tin-Tuc/QuanLNH2/dell-xps-15-1.jpg\" src=\"https://fptshop.com.vn/Uploads/images/2015/Tin-Tuc/QuanLNH2/dell-xps-15-1.jpg\" class=\"fr-fic fr-dii\"></strong></p><h3><strong>Laptop m&agrave;n h&igrave;nh 15,6 inch trong k&iacute;ch thước 14 inch</strong></h3><p>Với thiết kế kiểu mới viền m&agrave;n h&igrave;nh si&ecirc;u mỏng chỉ 5,7mm, Dell XPS 15 thu gọn k&iacute;ch thước đến mức tối giản, mang đến cho bạn một chiếc laptop m&agrave;n h&igrave;nh 15,6 inch nhưng tổng thể chỉ bằng những mẫu laptop m&agrave;n h&igrave;nh 14 inch th&ocirc;ng thường. Bạn sẽ vẫn c&oacute; m&agrave;n h&igrave;nh lớn cho c&ocirc;ng việc v&agrave; giải tr&iacute;, nhưng lại dễ d&agrave;ng bỏ v&agrave;o balo hay cặp x&aacute;ch một c&aacute;ch gọn g&agrave;ng.</p><p><img alt=\"\" data-original=\"https://fptshop.com.vn/Uploads/images/2015/Tin-Tuc/QuanLNH2/dell-xps-15-2(1).jpg\" src=\"https://fptshop.com.vn/Uploads/images/2015/Tin-Tuc/QuanLNH2/dell-xps-15-2(1).jpg\" class=\"fr-fic fr-dii\"></p><h3><strong>Mỏng nhẹ v&agrave; cao cấp đến kh&ocirc;ng ngờ</strong></h3><p>L&agrave; chiếc laptop tối ưu cho c&ocirc;ng việc nhưng Dell XPS 15 vẫn hết sức mỏng nhẹ với điểm mỏng nhất th&acirc;n m&aacute;y chỉ l&agrave; 8mm v&agrave; trọng lượng 1,8kg. Để c&oacute; được sự mỏng nhẹ n&agrave;y, đội ngũ thiết kế của Dell đ&atilde; phải kết hợp giữa hai vật liệu cao cấp l&agrave; nh&ocirc;m nguy&ecirc;n khối v&agrave; sợi carbon cho lớp vỏ m&aacute;y. Đ&acirc;y l&agrave; những vật liệu si&ecirc;u bền, cứng c&aacute;p nhưng lại rất nhẹ v&agrave; cho cảm gi&aacute;c m&aacute;t lạnh thoải m&aacute;i khi chạm v&agrave;o. Hơn thế nữa, Dell XPS 15 l&agrave; chiếc laptop hiếm hoi đạt chuẩn ENERGY STAR, th&acirc;n thiện với m&ocirc;i trường khi kh&ocirc;ng chứa c&aacute;c chất độc hại v&agrave; 90% th&agrave;nh phần c&oacute; thể t&aacute;i chế. Tại triển l&atilde;m CES vừa qua, Dell XPS 15 đ&atilde; vinh dự nhận giải thưởng s&aacute;ng tạo nhất 2018.</p><p><img alt=\"\" data-original=\"https://fptshop.com.vn/Uploads/images/2015/Tin-Tuc/QuanLNH2/dell-xps-15-3(1).jpg\" src=\"https://fptshop.com.vn/Uploads/images/2015/Tin-Tuc/QuanLNH2/dell-xps-15-3(1).jpg\" class=\"fr-fic fr-dii\"></p><h3><strong>Sức mạnh đ&aacute;p ứng mọi nhu cầu sử dụng</strong></h3><p>Dell XPS15/i7-8750H l&agrave; một trong những chiếc UltraBook cấu h&igrave;nh mạnh nhất thị trường hiện nay. Gần như mọi linh kiện cao cấp v&agrave; mạnh mẽ nhất đều được t&iacute;ch hợp tr&ecirc;n chiếc laptop nhỏ gọn n&agrave;y. Dell XPS 15 trang bị bộ vi xử l&yacute; Intel Core i7 8750H thế hệ thứ 8 cực mạnh, đi c&ugrave;ng VGA đồ họa rời cao cấp Nvidia GeForce GTX 1050, 16GB RAM v&agrave; 512GB ổ cứng thể rắn SSD. Cấu h&igrave;nh n&agrave;y đủ sức để bạn l&agrave;m tất cả những điều m&igrave;nh cần, kể cả chạy những chương tr&igrave;nh đồ họa nặng hay chơi c&aacute;c game 3D ở tốc độ khung h&igrave;nh cao. Dell XPS15/i7-8750H mang tr&ecirc;n m&igrave;nh sức mạnh ho&agrave;n hảo trong th&acirc;n m&igrave;nh một chiếc UltraBook.</p><h3><strong>Tận hưởng thế giới giải tr&iacute; sống động</strong></h3><p>Dell XPS15/i7-8750H đ&aacute;p ứng xuất sắc cả phần nh&igrave;n v&agrave; phần nghe, đưa bạn đến với thế giới giải tr&iacute; v&ocirc; c&ugrave;ng sống động. M&agrave;n h&igrave;nh lớn 15,6 inch độ ph&acirc;n giải Full HD sắc n&eacute;t đi c&ugrave;ng c&ocirc;ng nghệ tấm nền cao cấp nhất, mang tới dải m&agrave;u đen s&acirc;u thẳm, những m&agrave;u sắc rực rỡ v&agrave; độ chi tiết cao. Trong khi đ&oacute; c&ocirc;ng nghệ &acirc;m thanh Waves MaxxAudio Pro sẽ ph&aacute;t ra những &acirc;m thanh ở chất lượng giống như ph&ograve;ng thu chuy&ecirc;n nghiệp, cực lớn, sắc n&eacute;t v&agrave; hiệu ứng &acirc;m thanh nổi hấp dẫn. Tha hồ tận hưởng những bộ phim hay tựa game y&ecirc;u th&iacute;ch của bạn tr&ecirc;n Dell XPS 15.</p><p><img alt=\"\" data-original=\"https://fptshop.com.vn/Uploads/images/2015/Tin-Tuc/QuanLNH2/dell-xps-15-4(1).jpg\" src=\"https://fptshop.com.vn/Uploads/images/2015/Tin-Tuc/QuanLNH2/dell-xps-15-4(1).jpg\" class=\"fr-fic fr-dii\"></p><h3><strong>Chuy&ecirc;n nghiệp trong từng cử chỉ</strong></h3><p>Touch pad tr&ecirc;n Dell XPS 15 được thiết kế lớn, cực nhạy cho từng cử chỉ của bạn như vuốt, nhấn, r&ecirc;, chạm. Mọi thao t&aacute;c đều nhanh ch&oacute;ng v&agrave; diễn ra một c&aacute;ch chuy&ecirc;n nghiệp với c&aacute;c cử chỉ th&ocirc;ng minh. B&agrave;n ph&iacute;m ti&ecirc;u chuẩn c&oacute; độ đ&agrave;n hồi hợp l&yacute; c&ugrave;ng đ&egrave;n nền cho ph&eacute;p bạn l&agrave;m việc cả trong điều kiện thiếu s&aacute;ng. Hơn thế nữa, một cảm biến v&acirc;n tay cực nhạy được t&iacute;ch hợp để bạn mở kh&oacute;a m&aacute;y nhanh ch&oacute;ng v&agrave; an to&agrave;n hơn bao giờ hết.</p><p><img alt=\"\" data-original=\"https://fptshop.com.vn/Uploads/images/2015/Tin-Tuc/QuanLNH2/dell-xps-15-5(1).jpg\" src=\"https://fptshop.com.vn/Uploads/images/2015/Tin-Tuc/QuanLNH2/dell-xps-15-5(1).jpg\" class=\"fr-fic fr-dii\"></p><h3><strong>Thời lượng pin l&ecirc;n tới tr&ecirc;n 20 tiếng</strong></h3><p>Bạn c&oacute; thể l&agrave;m việc văn ph&ograve;ng hoặc xem phim tr&ecirc;n Dell XPS 15 trong thời gian l&ecirc;n tới hơn 20 tiếng với vi&ecirc;n pin v&agrave; khả năng quản l&yacute; năng lượng cực tốt. C&ocirc;ng việc của bạn sẽ diễn ra tr&ocirc;i chảy kể cả ở những nơi kh&ocirc;ng c&oacute; nguồn điện.</p>', 'upload/XSP1.PNG', 'upload/', 'upload/', 1, '2019-11-06 05:17:40', 15, 52990000),
(36, 'MSI GL63 8RCS-068VN/Core i5-8300H/8GB/256GB SSD/WIN10', 3, 5, '<p>Kh&aacute;ch h&agrave;ng chọn 1 trong 2 khuyến mại sau:</p><p>KM1:</p><ul><li>Trả g&oacute;p 0%/0đ</li></ul><p>KM2:</p><ul><li>Tặng Chuột Gaming MSI Xmas18</li></ul><p>Kh&aacute;ch h&agrave;ng được khuyến mại th&ecirc;m:</p><ul><li>Tặng Balo Laptop</li><li>Mua Combo Sinh vi&ecirc;n: Office 365 Personal + Lạc Việt gi&aacute; chỉ c&ograve;n 690,000 đồng</li><li>Giảm 25% Combo bảo vệ Laptop (Combo MDMH v&agrave; Phần mềm Diệt virus Eset) khi mua k&egrave;m m&aacute;y</li></ul>', '<h3>Đ&aacute;nh gi&aacute; chi tiết MSI GL63 8RCS-068VN/Core i5-8300H/8GB/256GB SSD/WIN10</h3><p><strong>MSI GL63 gi&uacute;p những game thủ c&oacute; ph&uacute;t gi&acirc;y giải tr&iacute; tuyệt vời b&ecirc;n những tr&ograve; chơi đỉnh cao nhờ những c&ocirc;ng nghệ h&agrave;ng đầu hiện nay.</strong></p><p><strong><img alt=\"MSI GL63\" title=\"MSI GL63\" data-original=\"https://fptshop.com.vn/Uploads/images/2015/SANPHAM/BinhNN4/MSI%20GL63/MSI-GL63-fptshop-01.JPG\" src=\"https://fptshop.com.vn/Uploads/images/2015/SANPHAM/BinhNN4/MSI%20GL63/MSI-GL63-fptshop-01.JPG\" class=\"fr-fic fr-dii\"></strong></p><h3><br><strong>Sống động từng ph&uacute;t gi&acirc;y</strong></h3><p><strong><img alt=\"MSI GL63\" title=\"MSI GL63\" data-original=\"https://fptshop.com.vn/Uploads/images/2015/SANPHAM/BinhNN4/MSI%20GL63/MSI-GL63-fptshop-02.jpg\" src=\"https://fptshop.com.vn/Uploads/images/2015/SANPHAM/BinhNN4/MSI%20GL63/MSI-GL63-fptshop-02.jpg\" class=\"fr-fic fr-dii\"></strong></p><p>L&agrave; một thiết bị hướng tới giải tr&iacute;, n&ecirc;n MSI GL63 c&oacute; một m&agrave;n h&igrave;nh lớn 15.6 inch, độ ph&acirc;n giải Full HD v&agrave; đạt 94% dải m&agrave;u NTSC. Điều n&agrave;y gi&uacute;p cho mọi h&igrave;nh ảnh hiển thị trước mắt bạn kh&ocirc;ng chỉ sắc n&eacute;t, m&agrave; c&ograve;n trở n&ecirc;n v&ocirc; c&ugrave;ng sống động v&agrave; mượt m&agrave;. Hơn nữa, m&agrave;n h&igrave;nh cũng c&oacute; g&oacute;c nh&igrave;n rộng v&agrave; độ s&aacute;ng sao gi&uacute;p người d&ugrave;ng c&oacute; thể nh&igrave;n r&otilde; c&aacute;c nội dung ngay cả từ b&ecirc;n tr&aacute;i v&agrave; b&ecirc;n phải.</p><h3><br><strong>Đa t&aacute;c vụ trở n&ecirc;n dễ d&agrave;ng hơn</strong></h3><p><strong><img alt=\"MSI GL63\" title=\"MSI GL63\" data-original=\"https://fptshop.com.vn/Uploads/images/2015/SANPHAM/BinhNN4/MSI%20GL63/MSI-GL63-fptshop-03.jpg\" src=\"https://fptshop.com.vn/Uploads/images/2015/SANPHAM/BinhNN4/MSI%20GL63/MSI-GL63-fptshop-03.jpg\" class=\"fr-fic fr-dii\"></strong></p><p>Một trong những t&iacute;nh năng si&ecirc;u việt kh&aacute;c được trang bị cho MSI GL63 ch&iacute;nh l&agrave; MSI Matrix Display. N&oacute; hỗ trợ bạn c&oacute; thể l&agrave;m đa t&aacute;c vụ với tối đa 3 m&agrave;n h&igrave;nh kh&aacute;c nhau nhờ 2 cổng kết nối HDMI v&agrave; Mini DisplayPort 1.2. Chẳng hạn nếu bạn l&agrave; một chuy&ecirc;n gia th&igrave; c&oacute; thể xem chứng kho&aacute;n, thiết kế hoặc l&agrave;m văn ph&ograve;ng tr&ecirc;n mỗi m&agrave;n h&igrave;nh. Trong khi đ&oacute;, game thủ c&oacute; thể sử dụng t&iacute;nh năng n&agrave;y để vừa chơi game, xem phim v&agrave; lướt Facebook c&ugrave;ng l&uacute;c.</p><h3><br><strong>B&oacute;ng bẩy, nhưng vẫn rất ngầu</strong></h3><p><strong><img alt=\"MSI GL63\" title=\"MSI GL63\" data-original=\"https://fptshop.com.vn/Uploads/images/2015/SANPHAM/BinhNN4/MSI%20GL63/MSI-GL63-fptshop-04.jpg\" src=\"https://fptshop.com.vn/Uploads/images/2015/SANPHAM/BinhNN4/MSI%20GL63/MSI-GL63-fptshop-04.jpg\" class=\"fr-fic fr-dii\"></strong></p><p>L&agrave; một chiếc m&aacute;y t&iacute;nh chơi game, nhưng MSI GL63 vẫn được nh&agrave; sản xuất chăm ch&uacute;t tới từng chi tiết nhỏ trong thiết kế. So với thế hệ trước, m&aacute;y t&iacute;nh tr&ocirc;ng đ&atilde; ho&agrave;n hảo v&agrave; b&oacute;ng bẩy hơn. Tuy nhi&ecirc;n, laptop MSI GL63 vẫn rất ngầu v&agrave; ph&ugrave; hợp với những game thủ nhờ sự phối m&agrave;u đỏ đen tinh tế.</p><h3><br><strong>Hiệu suất tuyệt vời</strong></h3><p><strong><img alt=\"MSI GL63\" title=\"MSI GL63\" data-original=\"https://fptshop.com.vn/Uploads/images/2015/SANPHAM/BinhNN4/MSI%20GL63/MSI-GL63-fptshop-05.jpg\" src=\"https://fptshop.com.vn/Uploads/images/2015/SANPHAM/BinhNN4/MSI%20GL63/MSI-GL63-fptshop-05.jpg\" class=\"fr-fic fr-dii\"></strong></p><p>Về hiệu suất, MSI GL63 tự h&agrave;o khi c&oacute; một bước nhảy vọt về hiệu năng với bộ xử l&yacute; m&aacute;y t&iacute;nh x&aacute;ch tay Hexa Core đầu ti&ecirc;n. Theo như nh&agrave; sản xuất chia sẻ nhờ c&aacute;c l&otilde;i bổ sung sẽ gi&uacute;p cho trải nghiệm chơi tr&ograve; chơi v&agrave; xử l&yacute; t&aacute;c vụ nhanh hơn tới 40% so với thế hệ CPU trước đ&oacute;. Ngo&agrave;i ra, laptop cũng nhận được sự hỗ trợ của bộ nhớ DDR4-2666 n&acirc;ng cao với hiệu suất nhanh hơn 40% so với DDR3 v&agrave; 10% so với DDR4-2400. MSI khẳng định bạn sẽ c&oacute; một trải nghiệm tầm cao mới với những thiết lập n&agrave;y.</p><h3><br><strong>Đồ họa đỉnh cao</strong></h3><p><strong><img alt=\"MSI GL63\" title=\"MSI GL63\" data-original=\"https://fptshop.com.vn/Uploads/images/2015/SANPHAM/BinhNN4/MSI%20GL63/MSI-GL63-fptshop-06.jpg\" src=\"https://fptshop.com.vn/Uploads/images/2015/SANPHAM/BinhNN4/MSI%20GL63/MSI-GL63-fptshop-06.jpg\" class=\"fr-fic fr-dii\"></strong></p><p>Tr&ecirc;n MSI GL63, bạn sẽ nhận được trải nghiệm game đồ họa đỉnh cao với hiệu năng nhanh nhất, c&ocirc;ng nghệ chơi game ti&ecirc;n tiến nhất v&agrave; hệ sinh th&aacute;i chơi game tốt nhất. Để l&agrave;m được điều n&agrave;y, MSI đ&atilde; trang bị cho laptop card rời Nvidia GTX-1050 cung cấp cho bạn khả năng xử l&yacute; đồ họa tốt hơn tới 3 lần so với c&aacute;c GPU thế hệ trước. B&ecirc;n cạnh đ&oacute;, m&aacute;y t&iacute;nh cũng c&oacute; c&aacute;c giải ph&aacute;p l&agrave;m m&aacute;t si&ecirc;u tốc cải tiến v&agrave; c&aacute;c t&iacute;nh năng chơi tr&ograve; chơi đặc biệt của h&atilde;ng d&agrave;nh cho game thủ để ph&aacute;t huy ho&agrave;n to&agrave;n hiệu năng của GPU n&agrave;y khi người d&ugrave;ng chơi game đồ họa.</p><h3><br><strong>Ph&ugrave; hợp cho từng nhiệm vụ</strong></h3><p><strong><img alt=\"MSI GL63\" title=\"MSI GL63\" data-original=\"https://fptshop.com.vn/Uploads/images/2015/SANPHAM/BinhNN4/MSI%20GL63/MSI-GL63-fptshop-07.JPG\" src=\"https://fptshop.com.vn/Uploads/images/2015/SANPHAM/BinhNN4/MSI%20GL63/MSI-GL63-fptshop-07.JPG\" class=\"fr-fic fr-dii\"></strong></p><p>MSI GL63 được trang bị c&ocirc;ng nghệ độc quyền của h&atilde;ng l&agrave; SHIFT gi&uacute;p người d&ugrave;ng c&oacute; thể dựa tr&ecirc;n những nhiệm vụ đang l&agrave;m để chọn chế độ sạo cho tối ưu t&agrave;i nguy&ecirc;n nhất tr&ecirc;n m&aacute;y t&iacute;nh. Bạn c&oacute; thể sử dụng tổ hợp ph&iacute;m &quot;Fn + F7&quot; để chuyển đổi nhanh ch&oacute;ng c&aacute;c chế độ từ Turbo, Sport, Comfort v&agrave; Eco gi&uacute;p nhanh ch&oacute;ng c&oacute; được hiệu suất tối đa hoặc thời lượng pin d&agrave;i hơn.</p><h3><br><strong>Ch&iacute;nh x&aacute;c tới từng thao t&aacute;c</strong></h3><p><img alt=\"MSI GL63\" title=\"MSI GL63\" data-original=\"https://fptshop.com.vn/Uploads/images/2015/SANPHAM/BinhNN4/MSI%20GL63/MSI-GL63-fptshop-08.jpg\" src=\"https://fptshop.com.vn/Uploads/images/2015/SANPHAM/BinhNN4/MSI%20GL63/MSI-GL63-fptshop-08.jpg\" class=\"fr-fic fr-dii\"></p><p>Mọi chi tiết tr&ecirc;n MSI GL63 đều được nh&agrave; sản xuất t&iacute;nh to&aacute;n v&agrave; thiết kế đặc biệt để ph&ugrave; hợp với game thủ. Bạn sẽ c&oacute; một b&agrave;n ph&iacute;m SteelSeries với h&agrave;nh tr&igrave;nh ph&iacute;m 1.9mm v&agrave; đ&egrave;n RGB c&oacute; thể nhấn c&ugrave;ng l&uacute;c đến 45 ph&iacute;m, đảm bảo mọi thao t&aacute;c sẽ được phản hồi một c&aacute;ch ch&iacute;nh x&aacute;c v&agrave; nhanh ch&oacute;ng nhất.</p><h3><br><strong>Lu&ocirc;n ổn định v&agrave; m&aacute;t mẻ</strong></h3><p><strong><img alt=\"MSI GL63\" title=\"MSI GL63\" data-original=\"https://fptshop.com.vn/Uploads/images/2015/SANPHAM/BinhNN4/MSI%20GL63/MSI-GL63-fptshop-09.jpg\" src=\"https://fptshop.com.vn/Uploads/images/2015/SANPHAM/BinhNN4/MSI%20GL63/MSI-GL63-fptshop-09.jpg\" class=\"fr-fic fr-dii\"></strong></p><p>Nhờ c&ocirc;ng nghệ CoolBoost 5 mới nhất với hệ thống quạt Whirlwind Blade k&eacute;p kết hợp 7 ống dẫn nhiệt v&agrave; 4 luồng kh&iacute;, m&aacute;y t&iacute;nh MSI GL63 sẽ c&oacute; một hiệu quả tản nhiệt mạnh mẽ. Bạn sẽ lu&ocirc;n được trải nghiệm với hiệu suất cao nhất trong thời gian d&agrave;i v&agrave; nhiệt độ thấp hơn.</p><h3><br><strong>Trải nghiệm &acirc;m thanh v&ograve;m 3D ngay tại nh&agrave;</strong></h3><p><strong><img alt=\"MSI GL63\" title=\"MSI GL63\" data-original=\"https://fptshop.com.vn/Uploads/images/2015/SANPHAM/BinhNN4/MSI%20GL63/MSI-GL63-fptshop-10.jpg\" src=\"https://fptshop.com.vn/Uploads/images/2015/SANPHAM/BinhNN4/MSI%20GL63/MSI-GL63-fptshop-10.jpg\" class=\"fr-fic fr-dii\"></strong></p><p>Với c&ocirc;ng nghệ &acirc;m thanh Nahimic 3, bạn c&oacute; thể đắm ch&igrave;m trong tr&ograve; chơi với &acirc;m thanh v&ograve;m 3D sống động. Bạn sẽ thấy &acirc;m thanh như đang ph&aacute;t ra từ khắp mọi hướng xung quanh m&igrave;nh. Bất kể bạn đang l&agrave;m g&igrave;, Nahimic 3 sẽ lu&ocirc;n mang tới cho bạn trải nghiệm &acirc;m thanh tuyệt vời nhất.</p>', '<ul><li><label>CPU :</label><a href=\"https://fptshop.com.vn/tin-tuc/danh-gia/tim-hieu-cac-dong-cpu-intel-tren-laptop56395\" target=\"_blank\">Intel, Core i5</a></li><li><label>RAM :</label><a href=\"https://fptshop.com.vn/tin-tuc/danh-gia/ram-la-gi-56446\" target=\"_blank\">8 GB, DDR4</a></li><li><label>Ổ cứng :</label><a href=\"https://fptshop.com.vn/tin-tuc/danh-gia/ssd-la-gi-nhung-uu-diem-so-voi-o-cung-hdd-thuong-56396\" target=\"_blank\">SSD, 256 GB</a></li><li><label>M&agrave;n h&igrave;nh :</label><a href=\"https://fptshop.com.vn/tin-tuc/danh-gia/moi-thu-ban-can-biet-khi-chon-man-hinh-laptop-56415\" target=\"_blank\">15.6 inchs, 1920 x 1080 Pixels</a></li><li><label>Card m&agrave;n h&igrave;nh :</label><a href=\"https://fptshop.com.vn/tin-tuc/danh-gia/vga-la-gi-phan-loai-va-cac-kiem-tra-vga-tren-laptop-56463\" target=\"_blank\">NVIDIA GTX1050, Card rời</a></li><li><label>Cổng kết nối :</label>LAN : Killer Gb LAN, WIFI : 802.11 ac</li><li><label>Hệ điều h&agrave;nh :</label><a href=\"https://fptshop.com.vn/tin-tuc/tin-moi/tong-hop-cac-he-dieu-hanh-thong-dung-tren-laptop-56318\" target=\"_blank\">Windows 10 Home SL 64</a></li><li><label>Trọng lượng :</label>2.3kg</li><li><label>K&iacute;ch thước :</label>383 x 260 x 29.5mm</li></ul>', 'upload/msi2.PNG', 'upload/msi.PNG', 'upload/msi3.PNG', 1, '2019-11-06 05:34:46', 0, 0);
INSERT INTO `tbl_sp` (`id_sp`, `name_sp`, `id_loaisp`, `id_hangsx`, `noibat`, `thongso_sp`, `mota_sp`, `img1`, `img2`, `img3`, `status`, `dateCreate`, `sale`, `gia_sp`) VALUES
(37, 'Dell Inspiron N3567S', 1, 1, '<p>KM1:</p><ul><li>Trả g&oacute;p 0%/0đ</li></ul><p>KM2:</p><ul><li>Tặng Chu&ocirc;̣t kh&ocirc;ng d&acirc;y Zadez M390 <a href=\"https://fptshop.com.vn/phu-kien/chuot-khong-day-zadez-m390\" target=\"_blank\">Xem chi tiết</a></li></ul><p>Kh&aacute;ch h&agrave;ng được khuyến mại th&ecirc;m:</p><ul><li>Tặng Balo Laptop</li><li>Mua Combo Sinh vi&ecirc;n: Office 365 Personal + Lạc Việt gi&aacute; chỉ c&ograve;n 690,000 đồng</li><li>Giảm 25% Combo bảo vệ Laptop (Combo MDMH v&agrave; Phần mềm Diệt virus Eset) khi mua k&egrave;m m&aacute;y</li></ul>', '<ul><li><label>CPU :</label><a href=\"https://fptshop.com.vn/tin-tuc/danh-gia/tim-hieu-cac-dong-cpu-intel-tren-laptop56395\" target=\"_blank\">Intel, Core i3</a></li><li><label>RAM :</label><a href=\"https://fptshop.com.vn/tin-tuc/danh-gia/ram-la-gi-56446\" target=\"_blank\">4 GB, DDR4</a></li><li><label>Ổ cứng :</label><a href=\"https://fptshop.com.vn/tin-tuc/danh-gia/o-cung-la-gi-va-cac-loai-o-cung-thong-dung-hien-nay-56458\" target=\"_blank\">HDD, 1 TB</a></li><li><label>M&agrave;n h&igrave;nh :</label><a href=\"https://fptshop.com.vn/tin-tuc/danh-gia/moi-thu-ban-can-biet-khi-chon-man-hinh-laptop-56415\" target=\"_blank\">15.6 inchs, 1366 x 768 Pixels</a></li><li><label>Card m&agrave;n h&igrave;nh :</label><a href=\"http://fptshop.com.vn/tin-tuc/danh-gia/tim-hieu-ve-chip-do-hoa-tich-hop-intel-hd-graphics-56495\" target=\"_blank\">Intel HD Graphics 620, T&iacute;ch hợp</a></li><li><label>Cổng kết nối :</label>LAN : 10/100 Mbps Ethernet controller, WIFI : 802.11ac</li><li><label>Hệ điều h&agrave;nh :</label><a href=\"https://fptshop.com.vn/tin-tuc/tin-moi/tong-hop-cac-he-dieu-hanh-thong-dung-tren-laptop-56318\" target=\"_blank\">Ubuntu</a></li><li><label>Trọng lượng :</label>2.30 Kg</li><li><label>K&iacute;ch thước :</label>380 x 260 x 23.65 mm</li></ul>', '<h3><strong>Thiết kế hiện đại, thanh lịch</strong></h3><p><img alt=\"Dell Inspiron N3567S\" title=\"Dell Inspiron N3567S\" data-original=\"https://fptshop.com.vn/Uploads/images/2015/SANPHAM/BinhNN4/Dell%20Inspiron%20N3567S/Dell-Inspiron-N3567S-fptshop-04.jpg\" src=\"https://fptshop.com.vn/Uploads/images/2015/SANPHAM/BinhNN4/Dell%20Inspiron%20N3567S/Dell-Inspiron-N3567S-fptshop-04.jpg\" class=\"fr-fic fr-dii\"></p><p>Vẻ ngo&agrave;i của Dell Inspiron N3567S to&aacute;t l&ecirc;n một phong c&aacute;ch rất &quot;Dell&quot;, giống với những laptop kh&aacute;c của h&atilde;ng trong c&ugrave;ng ph&acirc;n kh&uacute;c. M&aacute;y t&iacute;nh sử dụng bộ khung được l&agrave;m từ chất liệu nhựa nhưng được ho&agrave;n thiện tốt n&ecirc;n vẫn đảm bảo sự bền bỉ, chắc chắn. Kết hợp với t&ocirc;ng m&agrave;u đen xu hướng, bạn sẽ thấy Dell Inspiron N3567S tr&ocirc;ng thực sự rất hiện đại v&agrave; thanh lịch. Ngo&agrave;i ra, m&aacute;y t&iacute;nh c&oacute; trọng lượng chỉ khoảng 2.3kg gi&uacute;p người d&ugrave;ng c&oacute; thể mang theo để sử dụng mọi nơi.</p><h3><br><strong>M&agrave;n h&igrave;nh lớn, chuẩn HD</strong></h3><p><strong><img alt=\"Dell Inspiron N3567S\" title=\"Dell Inspiron N3567S\" data-original=\"https://fptshop.com.vn/Uploads/images/2015/SANPHAM/BinhNN4/Dell%20Inspiron%20N3567S/Dell-Inspiron-N3567S-fptshop-01.jpg\" src=\"https://fptshop.com.vn/Uploads/images/2015/SANPHAM/BinhNN4/Dell%20Inspiron%20N3567S/Dell-Inspiron-N3567S-fptshop-01.jpg\" class=\"fr-fic fr-dii\"></strong></p><p>Nếu bạn y&ecirc;u th&iacute;ch những chiếc m&aacute;y t&iacute;nh c&oacute; m&agrave;n h&igrave;nh lớn th&igrave; Dell Inspiron N3567S sẽ kh&ocirc;ng l&agrave;m bạn thất vọng. M&agrave;n h&igrave;nh của n&oacute; c&oacute; k&iacute;ch thước l&ecirc;n tới 15.6 inch với tỷ lệ khung h&igrave;nh ti&ecirc;u chuẩn rất th&iacute;ch hợp để lướt web, xem phim. Với tấm nền IPS LCD v&agrave; độ ph&acirc;n giải HD, bạn sẽ thấy mọi h&igrave;nh ảnh hiển thị tr&ecirc;n Dell Inspiron N3567S đều sắc n&eacute;t, sống động m&agrave; lại tiết kiệm điện năng hơn so với m&agrave;n Full HD.</p><h3><br><strong>Hiệu năng đ&aacute;p ứng</strong></h3><p><strong><img alt=\"Dell Inspiron N3567S\" title=\"Dell Inspiron N3567S\" data-original=\"https://fptshop.com.vn/Uploads/images/2015/SANPHAM/BinhNN4/Dell%20Inspiron%20N3567S/Dell-Inspiron-N3567S-fptshop-05.jpg\" src=\"https://fptshop.com.vn/Uploads/images/2015/SANPHAM/BinhNN4/Dell%20Inspiron%20N3567S/Dell-Inspiron-N3567S-fptshop-05.jpg\" class=\"fr-fic fr-dii\"></strong></p><p>Hướng tới học sinh, sinh vi&ecirc;n v&agrave; d&acirc;n văn ph&ograve;ng, Dell Inspiron N3567S kh&ocirc;ng qu&aacute; chạy đua về cấu h&igrave;nh như c&aacute;c laptop gaming. Tuy nhi&ecirc;n, m&aacute;y t&iacute;nh vẫn được trang bị d&ograve;ng chip Intel thế hệ thứ 7 Kabylake rất ph&ugrave; hợp để xử l&yacute; c&aacute;c nhiệm vụ học tập hay văn ph&ograve;ng. B&ecirc;n cạnh đ&oacute;, bạn sẽ c&oacute; bộ nhớ RAM l&ecirc;n đến 4GB c&ugrave;ng với ổ cứng HDD c&oacute; dung lượng đến 1 TB tr&ecirc;n Dell Inspiron N3567S để thoải m&aacute;i lưu trữ v&agrave; chạy đa nhiệm nhiều chương tr&igrave;nh c&ugrave;ng một l&uacute;c m&agrave; kh&ocirc;ng c&oacute; vấn đề g&igrave;.</p><p>Đối với những ai muốn chơi game, Dell Inspiron N3567S cũng c&oacute; thể đ&aacute;p ứng được nhờ card đồ họa t&iacute;ch hợp Intel UHD Graphics 620. Do đ&oacute;, bạn c&oacute; thể y&ecirc;n t&acirc;m chơi những game 3D nhẹ nh&agrave;ng v&agrave; xử l&yacute; đồ họa Photoshop, Lightroom&hellip;</p><h3><br><strong>&Acirc;m thanh chuy&ecirc;n nghiệp</strong></h3><p><strong><img alt=\"Dell Inspiron N3567S\" title=\"Dell Inspiron N3567S\" data-original=\"https://fptshop.com.vn/Uploads/images/2015/SANPHAM/BinhNN4/Dell%20Inspiron%20N3567S/Dell-Inspiron-N3567S-fptshop-02.jpg\" src=\"https://fptshop.com.vn/Uploads/images/2015/SANPHAM/BinhNN4/Dell%20Inspiron%20N3567S/Dell-Inspiron-N3567S-fptshop-02.jpg\" class=\"fr-fic fr-dii\"></strong></p><p>D&ugrave; kh&ocirc;ng phải l&agrave; chiếc laptop giải tr&iacute; chuy&ecirc;n nghiệp, nhưng Dell Inspiron N3567S vẫn được trang bị c&ocirc;ng nghệ &acirc;m thanh Waves MaxxAudio 3 chuy&ecirc;n nghiệp v&agrave; độc quyền từ h&atilde;ng. N&oacute; sẽ tự động điều chỉnh &acirc;m thanh tr&ecirc;n m&aacute;y t&iacute;nh sao cho những nội dung bạn nghe được l&agrave; tốt nhất.</p><h3><br><strong>Ổ đĩa quang tiện lợi</strong></h3><p><strong><img alt=\"Dell Inspiron N3567S\" title=\"Dell Inspiron N3567S\" data-original=\"https://fptshop.com.vn/Uploads/images/2015/SANPHAM/BinhNN4/Dell%20Inspiron%20N3567S/Dell-Inspiron-N3567S-fptshop-06.jpg\" src=\"https://fptshop.com.vn/Uploads/images/2015/SANPHAM/BinhNN4/Dell%20Inspiron%20N3567S/Dell-Inspiron-N3567S-fptshop-06.jpg\" class=\"fr-fic fr-dii\"></strong></p><p>D&ugrave; kh&ocirc;ng phải th&ocirc;ng dụng hiện nay, nhưng sự tiện lợi của ổ đĩa quang DVD-RW tr&ecirc;n Dell Inspiron N3567S l&agrave; rất lớn. Bạn lu&ocirc;n c&oacute; thể dễ d&agrave;ng đọc c&aacute;c định dạng đĩa như CD-ROM, DVD hay thậm ch&iacute; l&agrave; ghi dữ liệu ra CD v&agrave; DVD một c&aacute;ch nhanh ch&oacute;ng.</p><h3><br><strong>Nhập liệu nhanh ch&oacute;ng</strong></h3><p><strong><img alt=\"Dell Inspiron N3567S\" title=\"Dell Inspiron N3567S\" data-original=\"https://fptshop.com.vn/Uploads/images/2015/SANPHAM/BinhNN4/Dell%20Inspiron%20N3567S/Dell-Inspiron-N3567S-fptshop-03.jpg\" src=\"https://fptshop.com.vn/Uploads/images/2015/SANPHAM/BinhNN4/Dell%20Inspiron%20N3567S/Dell-Inspiron-N3567S-fptshop-03.jpg\" class=\"fr-fic fr-dii\"></strong></p><p>Hệ thống b&agrave;n ph&iacute;m của Dell Inspiron N3567S được nh&agrave; sản xuất nghi&ecirc;n cứu v&agrave; thiết kế rất hợp l&yacute; để mang lại trải nghiệm nhập liệu tối ưu cho người d&ugrave;ng. C&aacute;c ph&iacute;m c&oacute; khoảng c&aacute;ch hợp l&yacute;, độ nảy cao v&agrave; g&otilde; &ecirc;m. B&ecirc;n cạnh đ&oacute;, TouchPad của Dell Inspiron N3567S cũng rộng r&atilde;i, mịn m&agrave;ng v&agrave; nhạy gi&uacute;p mọi thao t&aacute;c chuột trở n&ecirc;n đơn giản v&agrave; ch&iacute;nh x&aacute;c.</p>', 'upload/2.PNG', 'upload/2.1.PNG', 'upload/2.PNG', 1, '2019-11-06 19:08:51', 6, 10990000),
(38, 'Dell XPS15/i7-8750H', 1, 3, '<ul><li>Tặng Chu&ocirc;̣t kh&ocirc;ng d&acirc;y Zadez M390 <a href=\"https://fptshop.com.vn/phu-kien/chuot-khong-day-zadez-m390\" target=\"_blank\">Xem chi tiết</a></li></ul><p>Kh&aacute;ch h&agrave;ng được khuyến mại th&ecirc;m:</p><ul><li>Tặng Balo Laptop</li><li>Mua Combo Sinh vi&ecirc;n: Office 365 Personal + Lạc Việt gi&aacute; chỉ c&ograve;n 690,000 đồng</li><li>Giảm 25% Combo bảo vệ Laptop (Combo MDMH v&agrave; Phần mềm Diệt virus Eset) khi mua k&egrave;m m&aacute;y</li></ul>', '<ul><li><label>CPU :</label><a href=\"https://fptshop.com.vn/tin-tuc/danh-gia/tim-hieu-cac-dong-cpu-intel-tren-laptop56395\" target=\"_blank\">Intel , Core i7</a></li><li><label>RAM :</label><a href=\"https://fptshop.com.vn/tin-tuc/danh-gia/ram-la-gi-56446\" target=\"_blank\">16 GB, DDR4</a></li><li><label>Ổ cứng :</label><a href=\"https://fptshop.com.vn/tin-tuc/danh-gia/ssd-la-gi-nhung-uu-diem-so-voi-o-cung-hdd-thuong-56396\" target=\"_blank\">SSD PCLE, 512 GB</a></li><li><label>M&agrave;n h&igrave;nh :</label><a href=\"https://fptshop.com.vn/tin-tuc/danh-gia/moi-thu-ban-can-biet-khi-chon-man-hinh-laptop-56415\" target=\"_blank\">15.6 inchs, 1920 x 1080 Pixels</a></li><li><label>Card m&agrave;n h&igrave;nh :</label><a href=\"https://fptshop.com.vn/tin-tuc/danh-gia/vga-la-gi-phan-loai-va-cac-kiem-tra-vga-tren-laptop-56463\" target=\"_blank\">NVIDIA GEFORCE GTX 1050 4GB GDDR5, Card rời</a></li><li><label>Cổng kết nối :</label>LAN : 10/100/1000, WIFI : 802.11ac Dual Band</li><li><label>Hệ điều h&agrave;nh :</label><a href=\"https://fptshop.com.vn/tin-tuc/tin-moi/tong-hop-cac-he-dieu-hanh-thong-dung-tren-laptop-56318\" target=\"_blank\">Windows 10 Home Plus</a></li><li><label>Trọng lượng :</label>1.80 Kg</li><li><label>K&iacute;ch thước :</label>304.16 x 200.25 x 8.95 mm</li></ul>', '<p><strong>Si&ecirc;u gọn g&agrave;ng v&agrave; v&ocirc; c&ugrave;ng mạnh mẽ, xin giới thiệu với c&aacute;c bạn Dell XPS15/i7-8750H, chiếc laptop m&agrave;n h&igrave;nh 15,6 inch nhỏ gọn nhất thế giới, đồng thời mang tr&ecirc;n m&igrave;nh hiệu năng đ&aacute;ng kinh ngạc.</strong></p><p><strong><img alt=\"\" data-original=\"https://fptshop.com.vn/Uploads/images/2015/Tin-Tuc/QuanLNH2/dell-xps-15-1.jpg\" src=\"https://fptshop.com.vn/Uploads/images/2015/Tin-Tuc/QuanLNH2/dell-xps-15-1.jpg\" class=\"fr-fic fr-dii\"></strong></p><h3><strong>Laptop m&agrave;n h&igrave;nh 15,6 inch trong k&iacute;ch thước 14 inch</strong></h3><p>Với thiết kế kiểu mới viền m&agrave;n h&igrave;nh si&ecirc;u mỏng chỉ 5,7mm, Dell XPS 15 thu gọn k&iacute;ch thước đến mức tối giản, mang đến cho bạn một chiếc laptop m&agrave;n h&igrave;nh 15,6 inch nhưng tổng thể chỉ bằng những mẫu laptop m&agrave;n h&igrave;nh 14 inch th&ocirc;ng thường. Bạn sẽ vẫn c&oacute; m&agrave;n h&igrave;nh lớn cho c&ocirc;ng việc v&agrave; giải tr&iacute;, nhưng lại dễ d&agrave;ng bỏ v&agrave;o balo hay cặp x&aacute;ch một c&aacute;ch gọn g&agrave;ng.</p><p><img alt=\"\" data-original=\"https://fptshop.com.vn/Uploads/images/2015/Tin-Tuc/QuanLNH2/dell-xps-15-2(1).jpg\" src=\"https://fptshop.com.vn/Uploads/images/2015/Tin-Tuc/QuanLNH2/dell-xps-15-2(1).jpg\" class=\"fr-fic fr-dii\"></p><h3><strong>Mỏng nhẹ v&agrave; cao cấp đến kh&ocirc;ng ngờ</strong></h3><p>L&agrave; chiếc laptop tối ưu cho c&ocirc;ng việc nhưng Dell XPS 15 vẫn hết sức mỏng nhẹ với điểm mỏng nhất th&acirc;n m&aacute;y chỉ l&agrave; 8mm v&agrave; trọng lượng 1,8kg. Để c&oacute; được sự mỏng nhẹ n&agrave;y, đội ngũ thiết kế của Dell đ&atilde; phải kết hợp giữa hai vật liệu cao cấp l&agrave; nh&ocirc;m nguy&ecirc;n khối v&agrave; sợi carbon cho lớp vỏ m&aacute;y. Đ&acirc;y l&agrave; những vật liệu si&ecirc;u bền, cứng c&aacute;p nhưng lại rất nhẹ v&agrave; cho cảm gi&aacute;c m&aacute;t lạnh thoải m&aacute;i khi chạm v&agrave;o. Hơn thế nữa, Dell XPS 15 l&agrave; chiếc laptop hiếm hoi đạt chuẩn ENERGY STAR, th&acirc;n thiện với m&ocirc;i trường khi kh&ocirc;ng chứa c&aacute;c chất độc hại v&agrave; 90% th&agrave;nh phần c&oacute; thể t&aacute;i chế. Tại triển l&atilde;m CES vừa qua, Dell XPS 15 đ&atilde; vinh dự nhận giải thưởng s&aacute;ng tạo nhất 2018.</p><p><img alt=\"\" data-original=\"https://fptshop.com.vn/Uploads/images/2015/Tin-Tuc/QuanLNH2/dell-xps-15-3(1).jpg\" src=\"https://fptshop.com.vn/Uploads/images/2015/Tin-Tuc/QuanLNH2/dell-xps-15-3(1).jpg\" class=\"fr-fic fr-dii\"></p><h3><strong>Sức mạnh đ&aacute;p ứng mọi nhu cầu sử dụng</strong></h3><p>Dell XPS15/i7-8750H l&agrave; một trong những chiếc UltraBook cấu h&igrave;nh mạnh nhất thị trường hiện nay. Gần như mọi linh kiện cao cấp v&agrave; mạnh mẽ nhất đều được t&iacute;ch hợp tr&ecirc;n chiếc laptop nhỏ gọn n&agrave;y. Dell XPS 15 trang bị bộ vi xử l&yacute; Intel Core i7 8750H thế hệ thứ 8 cực mạnh, đi c&ugrave;ng VGA đồ họa rời cao cấp Nvidia GeForce GTX 1050, 16GB RAM v&agrave; 512GB ổ cứng thể rắn SSD. Cấu h&igrave;nh n&agrave;y đủ sức để bạn l&agrave;m tất cả những điều m&igrave;nh cần, kể cả chạy những chương tr&igrave;nh đồ họa nặng hay chơi c&aacute;c game 3D ở tốc độ khung h&igrave;nh cao. Dell XPS15/i7-8750H mang tr&ecirc;n m&igrave;nh sức mạnh ho&agrave;n hảo trong th&acirc;n m&igrave;nh một chiếc UltraBook.</p><h3><strong>Tận hưởng thế giới giải tr&iacute; sống động</strong></h3><p>Dell XPS15/i7-8750H đ&aacute;p ứng xuất sắc cả phần nh&igrave;n v&agrave; phần nghe, đưa bạn đến với thế giới giải tr&iacute; v&ocirc; c&ugrave;ng sống động. M&agrave;n h&igrave;nh lớn 15,6 inch độ ph&acirc;n giải Full HD sắc n&eacute;t đi c&ugrave;ng c&ocirc;ng nghệ tấm nền cao cấp nhất, mang tới dải m&agrave;u đen s&acirc;u thẳm, những m&agrave;u sắc rực rỡ v&agrave; độ chi tiết cao. Trong khi đ&oacute; c&ocirc;ng nghệ &acirc;m thanh Waves MaxxAudio Pro sẽ ph&aacute;t ra những &acirc;m thanh ở chất lượng giống như ph&ograve;ng thu chuy&ecirc;n nghiệp, cực lớn, sắc n&eacute;t v&agrave; hiệu ứng &acirc;m thanh nổi hấp dẫn. Tha hồ tận hưởng những bộ phim hay tựa game y&ecirc;u th&iacute;ch của bạn tr&ecirc;n Dell XPS 15.</p><p><img alt=\"\" data-original=\"https://fptshop.com.vn/Uploads/images/2015/Tin-Tuc/QuanLNH2/dell-xps-15-4(1).jpg\" src=\"https://fptshop.com.vn/Uploads/images/2015/Tin-Tuc/QuanLNH2/dell-xps-15-4(1).jpg\" class=\"fr-fic fr-dii\"></p><h3><strong>Chuy&ecirc;n nghiệp trong từng cử chỉ</strong></h3><p>Touch pad tr&ecirc;n Dell XPS 15 được thiết kế lớn, cực nhạy cho từng cử chỉ của bạn như vuốt, nhấn, r&ecirc;, chạm. Mọi thao t&aacute;c đều nhanh ch&oacute;ng v&agrave; diễn ra một c&aacute;ch chuy&ecirc;n nghiệp với c&aacute;c cử chỉ th&ocirc;ng minh. B&agrave;n ph&iacute;m ti&ecirc;u chuẩn c&oacute; độ đ&agrave;n hồi hợp l&yacute; c&ugrave;ng đ&egrave;n nền cho ph&eacute;p bạn l&agrave;m việc cả trong điều kiện thiếu s&aacute;ng. Hơn thế nữa, một cảm biến v&acirc;n tay cực nhạy được t&iacute;ch hợp để bạn mở kh&oacute;a m&aacute;y nhanh ch&oacute;ng v&agrave; an to&agrave;n hơn bao giờ hết.</p><p><img alt=\"\" data-original=\"https://fptshop.com.vn/Uploads/images/2015/Tin-Tuc/QuanLNH2/dell-xps-15-5(1).jpg\" src=\"https://fptshop.com.vn/Uploads/images/2015/Tin-Tuc/QuanLNH2/dell-xps-15-5(1).jpg\" class=\"fr-fic fr-dii\"></p><h3><strong>Thời lượng pin l&ecirc;n tới tr&ecirc;n 20 tiếng</strong></h3><p>Bạn c&oacute; thể l&agrave;m việc văn ph&ograve;ng hoặc xem phim tr&ecirc;n Dell XPS 15 trong thời gian l&ecirc;n tới hơn 20 tiếng với vi&ecirc;n pin v&agrave; khả năng quản l&yacute; năng lượng cực tốt. C&ocirc;ng việc của bạn sẽ diễn ra tr&ocirc;i chảy kể cả ở những nơi kh&ocirc;ng c&oacute; nguồn điện.</p>', 'upload/5.1.PNG', 'upload/5.2.PNG', 'upload/5.3.PNG', 1, '2019-11-06 19:14:05', 10, 52990000),
(39, 'Dell Vostro V5481/Core i7-8565U/70175946', 1, 2, '<ul><li>Tặng Chu&ocirc;̣t kh&ocirc;ng d&acirc;y Zadez M390 <a href=\"https://fptshop.com.vn/phu-kien/chuot-khong-day-zadez-m390\" target=\"_blank\">Xem chi tiết</a></li></ul><p>Kh&aacute;ch h&agrave;ng được khuyến mại th&ecirc;m:</p><ul><li>Tặng Balo Laptop</li><li>Mua Combo Sinh vi&ecirc;n: Office 365 Personal + Lạc Việt gi&aacute; chỉ c&ograve;n 690,000 đồng</li><li>Giảm 25% Combo bảo vệ Laptop (Combo MDMH v&agrave; Phần mềm Diệt virus Eset) khi mua k&egrave;m m&aacute;y</li></ul>', '<ul><li><label>CPU :</label><a href=\"https://fptshop.com.vn/tin-tuc/danh-gia/tim-hieu-cac-dong-cpu-intel-tren-laptop56395\" target=\"_blank\">Intel, Core i7</a></li><li><label>RAM :</label><a href=\"https://fptshop.com.vn/tin-tuc/danh-gia/ram-la-gi-56446\" target=\"_blank\">8 GB, DDR4</a></li><li><label>Ổ cứng :</label><a href=\"https://fptshop.com.vn/tin-tuc/danh-gia/o-cung-la-gi-va-cac-loai-o-cung-thong-dung-hien-nay-56458\" target=\"_blank\">HDD 5400rpm + SSD, 1000 + 128 GB</a></li><li><label>M&agrave;n h&igrave;nh :</label><a href=\"https://fptshop.com.vn/tin-tuc/danh-gia/moi-thu-ban-can-biet-khi-chon-man-hinh-laptop-56415\" target=\"_blank\">14.0 inchs, 1920 x 1080 Pixels</a></li><li><label>Card m&agrave;n h&igrave;nh :</label><a href=\"https://fptshop.com.vn/tin-tuc/danh-gia/vga-la-gi-phan-loai-va-cac-kiem-tra-vga-tren-laptop-56463\" target=\"_blank\">NVIDIA GeForce MX130, Card rời</a></li><li><label>Cổng kết nối :</label>LAN : 10/100/1000 Mbps, WIFI : 802.11 ac</li><li><label>Hệ điều h&agrave;nh :</label><a href=\"https://fptshop.com.vn/tin-tuc/tin-moi/tong-hop-cac-he-dieu-hanh-thong-dung-tren-laptop-56318\" target=\"_blank\">Windows 10 Home</a></li><li><label>Trọng lượng :</label>1.55 kg</li><li><label>K&iacute;ch thước :</label>18.20 x 324.9 x 232 mm (H x W x D)</li></ul>', '<p>Trở th&agrave;nh chủ nh&acirc;n của một chiếc laptop Dell Vostro V5481/Core i7- 8565U, bạn sẽ c&oacute; trong tay một c&ocirc;ng cụ l&agrave;m việc chuy&ecirc;n nghiệp v&agrave; giải tr&iacute; hiệu quả khi bộ vi xử l&yacute; mạnh mẽ kết hợp c&ugrave;ng chipset đồ họa NVIDIA GeForce MX 130.</p><p><img alt=\"Mô tả sản phẩm Dell Vostro V5481 1\" data-original=\"https://fptshop.com.vn/Uploads/images/2015/Tin-Tuc/AnhNQ/02/Dell-v5481-core-i7-8565u-1.jpg\" src=\"https://fptshop.com.vn/Uploads/images/2015/Tin-Tuc/AnhNQ/02/Dell-v5481-core-i7-8565u-1.jpg\" class=\"fr-fic fr-dii\"></p><p>&nbsp;</p><h3><strong>Độ ho&agrave;n thiện ấn tượng ẩn trong diện mạo hiện đại</strong></h3><p>Cầm v&agrave; trải nghiệm Vostro V5481, bạn sẽ bị ấn tượng bởi những đường n&eacute;t hiện đại với độ ho&agrave;n thiện đến từng chi tiết. C&aacute;c kĩ sư của Dell thể hiện kinh nghiệm d&agrave;y dạn của m&igrave;nh khi mang tới cho chiếc laptop bộ khung vỏ nhẹ nh&agrave;ng c&oacute; trọng lượng vỏn vẹn 1.55 kg, mỏng 18.2 mm để tiện cho người d&ugrave;ng mang theo v&agrave; sử dụng trong những chuyến đi xa. Lớp đ&egrave;n nền b&agrave;n ph&iacute;m gi&uacute;p thắp s&aacute;ng diện mạo v&agrave; l&agrave;m tăng th&ecirc;m vẻ chuy&ecirc;n nghiệp cho Vostro V5481.</p><p><img alt=\"Độ hoàn thiện ấn tượng ẩn trong diện mạo hiện đại 1\" data-original=\"https://fptshop.com.vn/Uploads/images/2015/Tin-Tuc/AnhNQ/02/Dell-v5481-core-i7-8565u-2.jpg\" src=\"https://fptshop.com.vn/Uploads/images/2015/Tin-Tuc/AnhNQ/02/Dell-v5481-core-i7-8565u-2.jpg\" class=\"fr-fic fr-dii\"></p><p>&nbsp;</p><h3><strong>C&ocirc;ng cụ đắc lực hỗ trợ cho c&ocirc;ng việc v&agrave; nhu cầu giải tr&iacute;</strong></h3><p>Phi&ecirc;n bản Vostro V5481 bạn đang theo d&otilde;i sử dụng con chip Intel Core i7 8565U đ&igrave;nh đ&aacute;m với tốc độ chạm ngưỡng 1.80 GHz, sản phẩm được Dell ưu &aacute;i trang bị cho bộ RAM 8GB DDR4 2666 MHz đảm bảo c&aacute;c t&aacute;c vụ đa nhiệm lu&ocirc;n được thực hiện hiệu quả. Việc sử dụng ổ cứng 1TB HDD + 128GB SSD đem tới giải ph&aacute;p đẩy nhanh tốc độ khởi động v&agrave; sao ch&eacute;p dữ liệu m&agrave; vẫn đảm bảo gi&aacute; th&agrave;nh sản phẩm hợp l&yacute;, gi&uacute;p người d&ugrave;ng c&oacute; được trải nghiệm tối ưu trong qu&aacute; tr&igrave;nh sử dụng m&agrave; kh&ocirc;ng phải bỏ ra mức t&agrave;i ch&iacute;nh ban đầu qu&aacute; lớn.</p><p>Một trong những điểm nhấn kh&ocirc;ng thể bỏ qua của phi&ecirc;n bản Vostro V5481 n&agrave;y l&agrave; sự g&oacute;p mặt của card đồ họa rời NVIDIA GeForce MX130 gi&uacute;p sản phẩm xử l&yacute; tốt hơn những t&aacute;c vụ đồ họa phức tạp v&agrave; c&aacute;c tựa game nặng được ưa chuộng hiện nay.</p><p><img alt=\"Công cụ đắc lực hỗ trợ cho công việc và nhu cầu giải trí 1\" data-original=\"https://fptshop.com.vn/Uploads/images/2015/Tin-Tuc/AnhNQ/02/Dell-v5481-core-i7-8565u-3.jpg\" src=\"https://fptshop.com.vn/Uploads/images/2015/Tin-Tuc/AnhNQ/02/Dell-v5481-core-i7-8565u-3.jpg\" class=\"fr-fic fr-dii\"></p><p>&nbsp;</p><h3><strong>Bảo vệ th&ocirc;ng tin c&aacute; nh&acirc;n của bạn một c&aacute;ch hiệu quả</strong></h3><p>Ở g&oacute;c phải b&agrave;n ph&iacute;m của Dell Vostro V5481, bạn sẽ t&igrave;m thấy bộ cảm biến v&acirc;n tay hiện đại, gi&uacute;p người d&ugrave;ng c&oacute; thể mở kh&oacute;a m&agrave;n h&igrave;nh chỉ với một lần chạm tay trong t&iacute;ch tắc thay v&igrave; thao t&aacute;c nhập password rườm r&agrave; trước kia. Phần mềm McAfee Multi Device Security c&oacute; sẵn trong m&aacute;y đem lại sự an t&acirc;m trong qu&aacute; tr&igrave;nh duyệt web l&agrave;m việc, kh&ocirc;ng lo dữ liệu c&aacute; nh&acirc;n bị nh&ograve;m ng&oacute;.</p><p><img alt=\"Bảo vệ thông tin cá nhân của bạn một cách hiệu quả 1\" data-original=\"https://fptshop.com.vn/Uploads/images/2015/Tin-Tuc/AnhNQ/02/Dell-v5481-core-i7-8565u-4.jpg\" src=\"https://fptshop.com.vn/Uploads/images/2015/Tin-Tuc/AnhNQ/02/Dell-v5481-core-i7-8565u-4.jpg\" class=\"fr-fic fr-dii\"></p><p>&nbsp;</p><h3><strong>Thiết kế viền m&agrave;n h&igrave;nh </strong><strong>si&ecirc;u mỏng m&atilde;n nh&atilde;n</strong></h3><p>Dell Vostro V5481 sở hữu m&agrave;n h&igrave;nh IPS 14 inch độ ph&acirc;n giải Full HD sắc sảo, nhờ thiết kế viền m&agrave;n h&igrave;nh si&ecirc;u mỏng n&ecirc;n người d&ugrave;ng c&oacute; thể dễ d&agrave;ng tập trung v&agrave;o nội dung hiển thị b&ecirc;n trong. D&ugrave; bạn c&oacute; quan s&aacute;t từ g&oacute;c nh&igrave;n n&agrave;o th&igrave; trải nghiệm h&igrave;nh ảnh nhận được sẽ lu&ocirc;n trọn vẹn với ưu thế của c&ocirc;ng nghệ IPS. Mọi nội dung quen thuộc từ văn bản, h&igrave;nh ảnh cho tới những thước phim bom tấn đều được t&aacute;i hiện ch&acirc;n thực tr&ecirc;n m&agrave;n h&igrave;nh của chiếc laptop Dell Vostro V5481.</p><p><img alt=\"Thiết kế viền màn hình siêu mỏng mãn nhãn 1\" data-original=\"https://fptshop.com.vn/Uploads/images/2015/Tin-Tuc/AnhNQ/02/Dell-v5481-core-i7-8565u-5.jpg\" src=\"https://fptshop.com.vn/Uploads/images/2015/Tin-Tuc/AnhNQ/02/Dell-v5481-core-i7-8565u-5.jpg\" class=\"fr-fic fr-dii\"></p><p>&nbsp;</p><h3><strong>Hội tụ đủ c&aacute;c phương thức kết nối ti&ecirc;n tiến</strong></h3><p>Tr&ecirc;n chiếc m&aacute;y t&iacute;nh Dell Vostro V5481, bạn sẽ t&igrave;m thấy đủ c&aacute;c cổng kết nối t&acirc;n tiến v&agrave; được sử dụng rộng r&atilde;i hiện nay như: USB Type-C, HDMI, đầu đọc thẻ SD, USB 2.0, USB 3.1 Gen 1 Type-A hay cổng mạng Gigabit Ethernet. Trong đ&oacute;, cổng USB Type-C được xem l&agrave; phương ph&aacute;p kết nối đa năng v&agrave; ưu việt nhất nhờ k&iacute;ch cỡ gọn g&agrave;ng c&ugrave;ng khả năng truyền tải dữ liệu hiệu quả.</p><p><img alt=\"Hội tụ đủ các phương thức kết nối tiên tiến 1\" data-original=\"https://fptshop.com.vn/Uploads/images/2015/Tin-Tuc/AnhNQ/02/Dell-v5481-core-i7-8565u-6.jpg\" src=\"https://fptshop.com.vn/Uploads/images/2015/Tin-Tuc/AnhNQ/02/Dell-v5481-core-i7-8565u-6.jpg\" class=\"fr-fic fr-dii\"></p><p>&nbsp;</p><h3><strong>Tương t&aacute;c linh hoạt với điện thoại th&ocirc;ng minh</strong></h3><p>Giờ đ&acirc;y, việc kết nối v&agrave; l&agrave;m chủ c&ugrave;ng l&uacute;c laptop v&agrave; điện thoại th&ocirc;ng minh trở n&ecirc;n dễ d&agrave;ng hơn bao giờ hết nhờ phần mềm Dell Mobile Connect. C&ocirc;ng cụ n&agrave;y cho ph&eacute;p chủ nh&acirc;n Vostro V5481 c&oacute; thể tập trung v&agrave;o m&agrave;n h&igrave;nh m&aacute;y t&iacute;nh một c&aacute;ch chuy&ecirc;n nghiệp trong qu&aacute; tr&igrave;nh l&agrave;m việc.</p><p><img alt=\"Tương tác linh hoạt với điện thoại thông minh 1\" data-original=\"https://fptshop.com.vn/Uploads/images/2015/Tin-Tuc/AnhNQ/02/Dell-v5481-core-i7-8565u-7.jpg\" src=\"https://fptshop.com.vn/Uploads/images/2015/Tin-Tuc/AnhNQ/02/Dell-v5481-core-i7-8565u-7.jpg\" class=\"fr-fic fr-dii\"></p>', 'upload/6.1.PNG', 'upload/6.2.PNG', 'upload/6.3.PNG', 1, '2019-11-06 19:19:11', 20, 26190000),
(40, 'Lenovo ThinkPad E490/Core i5 8265U/8GB/512GBSSD/WIN10', 2, 4, '<p>KM1:</p><ul><li>Trả g&oacute;p 0%/0đ</li></ul><p>KM2:</p><ul><li>Tặng PMH 600,000đ</li></ul><p>Kh&aacute;ch h&agrave;ng được khuyến mại th&ecirc;m:</p><ul><li>Tặng Balo Laptop</li><li>Mua Combo Sinh vi&ecirc;n: Office 365 Personal + Lạc Việt gi&aacute; chỉ c&ograve;n 690,000 đồng</li><li>Giảm 25% Combo bảo vệ Laptop (Combo MDMH v&agrave; Phần mềm Diệt virus Eset) khi mua k&egrave;m m&aacute;y</li></ul>', '<ul><li><label>CPU :</label><a href=\"https://fptshop.com.vn/tin-tuc/danh-gia/tim-hieu-cac-dong-cpu-intel-tren-laptop56395\" target=\"_blank\">Intel, Core i5</a></li><li><label>RAM :</label><a href=\"https://fptshop.com.vn/tin-tuc/danh-gia/ram-la-gi-56446\" target=\"_blank\">8 GB, DDR4</a></li><li><label>Ổ cứng :</label><a href=\"https://fptshop.com.vn/tin-tuc/danh-gia/ssd-la-gi-nhung-uu-diem-so-voi-o-cung-hdd-thuong-56396\" target=\"_blank\">SSD, 512 GB</a></li><li><label>M&agrave;n h&igrave;nh :</label><a href=\"https://fptshop.com.vn/tin-tuc/danh-gia/moi-thu-ban-can-biet-khi-chon-man-hinh-laptop-56415\" target=\"_blank\">14.0 inchs, 1920 x 1080 Pixels</a></li><li><label>Card m&agrave;n h&igrave;nh :</label><a href=\"http://fptshop.com.vn/tin-tuc/danh-gia/tim-hieu-ve-chip-do-hoa-tich-hop-intel-hd-graphics-56495\" target=\"_blank\">UHD Intel&reg; 620, T&iacute;ch hợp</a></li><li><label>Cổng kết nối :</label>LAN : 10/100/1000 Mbps, WIFI : 802.11 ac</li><li><label>Hệ điều h&agrave;nh :</label><a href=\"https://fptshop.com.vn/tin-tuc/tin-moi/tong-hop-cac-he-dieu-hanh-thong-dung-tren-laptop-56318\" target=\"_blank\">Windows 10 Home SL 64</a></li><li><label>Trọng lượng :</label>1.75kg</li><li><label>K&iacute;ch thước :</label>329mm x 242mm x 19.9mm</li></ul>', '<p><strong>Với thiết kế nhỏ gọn, trọng lượng cực nhẹ v&agrave; hiệu năng mạnh mẽ đi c&ugrave;ng bảo mật an to&agrave;n, Lenovo ThinkPad E490 l&agrave; sự lựa chọn tối ưu cho c&ocirc;ng việc của những doanh nh&acirc;n th&agrave;nh đạt.</strong></p><p><strong><img alt=\"Lenovo ThinkPad E490\" data-original=\"https://fptshop.com.vn/Uploads/images/2015/Tin-Tuc/QuanLNH2/lenovo-thinkpad-e490-1.jpg\" src=\"https://fptshop.com.vn/Uploads/images/2015/Tin-Tuc/QuanLNH2/lenovo-thinkpad-e490-1.jpg\" class=\"fr-fic fr-dii\"></strong></p><h3><strong>Bảo mật tuyệt đối, ho&agrave;n to&agrave;n y&ecirc;n t&acirc;m về dữ liệu</strong></h3><p>Lenovo ThinkPad E490 l&agrave; chiếc laptop c&oacute; khả năng bảo mật mạnh mẽ h&agrave;ng đầu hiện nay. To&agrave;n bộ những lỗ hổng về bảo mật giao thức SMB đều được khắc phục, cho dữ liệu an to&agrave;n tr&ecirc;n m&aacute;y t&iacute;nh Windows của bạn. Một cảm biến v&acirc;n tay tăng th&ecirc;m x&aacute;c thực an to&agrave;n bằng sinh trắc học; trong khi đ&oacute; nền tảng bảo mật TPM 2.0 sẽ m&atilde; h&oacute;a dữ liệu phần cứng bằng c&aacute;c c&ocirc;ng cụ m&atilde; h&oacute;a tương tự Microsoft BitLocker của Windows 10 Pro. Dữ liệu an to&agrave;n gi&uacute;p bạn y&ecirc;n t&acirc;m để tập trung cho c&ocirc;ng việc m&agrave; kh&ocirc;ng sợ những th&ocirc;ng tin bị đ&aacute;nh cắp.</p><p><img alt=\"bảo mật Lenovo ThinkPad E490\" data-original=\"https://fptshop.com.vn/Uploads/images/2015/Tin-Tuc/QuanLNH2/lenovo-thinkpad-e490-2.jpg\" src=\"https://fptshop.com.vn/Uploads/images/2015/Tin-Tuc/QuanLNH2/lenovo-thinkpad-e490-2.jpg\" class=\"fr-fic fr-dii\"></p><h3><strong>Sức mạnh phần cứng đ&aacute;ng kinh ngạc</strong></h3><p>Sức mạnh hiệu năng của Lenovo ThinkPad E490 đảm bảo cho c&ocirc;ng việc của bạn lu&ocirc;n tr&ocirc;i chảy. Laptop trang bị bộ vi xử l&yacute; Intel Core i5 8265U, đi c&ugrave;ng 8GB RAM DDR4 v&agrave; 512GB ổ cứng SSD cao cấp. Đặc biệt, ThinkPad E490 t&iacute;ch hợp c&ocirc;ng nghệ Intel Optane gi&uacute;p mọi t&aacute;c vụ trong m&aacute;y đều chạy nhanh hơn, từ hoạt động th&ocirc;ng thường cho đến chơi game. Chưa kể đến việc ổ cứng SSD tr&ecirc;n ThinkPad E490 l&agrave; ổ SSD chuẩn Pcle, tốc độ nhanh hơn tới 4 lần so với ổ cứng SSD Sata th&ocirc;ng thường. Mọi thứ tr&ecirc;n ThinkPad E490 đều diễn ra nhanh ch&oacute;ng đ&aacute;ng kinh ngạc.</p><p><img alt=\"hiệu năng Lenovo ThinkPad E490\" data-original=\"https://fptshop.com.vn/Uploads/images/2015/Tin-Tuc/QuanLNH2/lenovo-thinkpad-e490-3.jpg\" src=\"https://fptshop.com.vn/Uploads/images/2015/Tin-Tuc/QuanLNH2/lenovo-thinkpad-e490-3.jpg\" class=\"fr-fic fr-dii\"></p><p>Kh&ocirc;ng chỉ mạnh mẽ, Lenovo ThinkPad E490 c&ograve;n dễ d&agrave;ng n&acirc;ng cấp hiệu năng t&ugrave;y theo nhu cầu người sử dụng. Hai khe cắm RAM hỗ trợ n&acirc;ng RAM l&ecirc;n tới tối đa 32GB; khe cắm ổ cứng c&oacute; t&ugrave;y chọn mở rộng th&ecirc;m ổ HDD để sử dụng song song, tăng dung lượng lưu trữ. Sức mạnh kh&ocirc;ng giới hạn của ThinkPad E490 sẽ l&agrave; người trợ l&yacute; đắc lực cho bạn.</p><p><img alt=\"phần cứng Lenovo ThinkPad E490\" data-original=\"https://fptshop.com.vn/Uploads/images/2015/Tin-Tuc/QuanLNH2/lenovo-thinkpad-e490-4.jpg\" src=\"https://fptshop.com.vn/Uploads/images/2015/Tin-Tuc/QuanLNH2/lenovo-thinkpad-e490-4.jpg\" class=\"fr-fic fr-dii\"></p><h3><strong>Sự kết hợp giữa thời trang v&agrave; độ bền</strong></h3><p>Lenovo ThinkPad E490 c&oacute; ngoại h&igrave;nh nhỏ gọn, thời trang với ng&ocirc;n ngữ thiết kế mạnh mẽ chuẩn doanh nh&acirc;n. D&ugrave; mỏng nhẹ nhưng ThinkPad E490 vẫn đảm bảo độ bền khi vượt qua những b&agrave;i kiểm tra chất lượng ti&ecirc;u chuẩn c&ocirc;ng nghiệp. Tất cả những yếu tố như v&ograve;ng đời bản lề, quạt tản nhiệt, phản ứng với rung lắc, chống sốc, tuổi thọ b&agrave;n ph&iacute;m đều được kiểm tra kỹ c&agrave;ng trước khi đến tay kh&aacute;ch h&agrave;ng. Sở hữu E490 đồng nghĩa l&agrave; bạn c&oacute; được sự kết hợp ho&agrave;n hảo giữa thời trang v&agrave; độ bền.</p><p><img alt=\"thiết kế Lenovo ThinkPad E490\" data-original=\"https://fptshop.com.vn/Uploads/images/2015/Tin-Tuc/QuanLNH2/lenovo-thinkpad-e490-5.jpg\" src=\"https://fptshop.com.vn/Uploads/images/2015/Tin-Tuc/QuanLNH2/lenovo-thinkpad-e490-5.jpg\" class=\"fr-fic fr-dii\"></p><h3><strong>Thời lượng pin si&ecirc;u d&agrave;i, sạc si&ecirc;u nhanh</strong></h3><p>Với ThinkPad E490, bạn c&oacute; thể đắm ch&igrave;m trong c&ocirc;ng việc m&agrave; kh&ocirc;ng cần để &yacute; đến nguồn sạc. Thời lượng pin 13 giờ đủ để bạn giải quyết hết c&ocirc;ng việc trong ng&agrave;y. Hơn nữa, khi cần cắm sạc, c&ocirc;ng nghệ sạc nhanh Rapid Charge cho ph&eacute;p bạn sạc đầy từ 0 l&ecirc;n 80% chỉ trong v&ograve;ng 1 giờ. Tận dụng thời gian nghỉ trưa để nạp đầy năng lượng, ThinkPad E490 lu&ocirc;n sẵn s&agrave;ng.</p><p><img alt=\"pin Lenovo ThinkPad E490\" data-original=\"https://fptshop.com.vn/Uploads/images/2015/Tin-Tuc/QuanLNH2/lenovo-thinkpad-e490-6.jpg\" src=\"https://fptshop.com.vn/Uploads/images/2015/Tin-Tuc/QuanLNH2/lenovo-thinkpad-e490-6.jpg\" class=\"fr-fic fr-dii\"></p><h3><strong>B&agrave;n ph&iacute;m AccuType độc quyền</strong></h3><p>Lenovo ThinkPad E490 sở hữu b&agrave;n ph&iacute;m AccuType độc quyền. Đ&acirc;y l&agrave; loại b&agrave;n ph&iacute;m cao cấp, thiết kế với h&agrave;nh tr&igrave;nh ph&iacute;m hợp l&yacute;, độ nảy cao, tốc độ phản hồi ấn tượng, mang lại trải nghiệm g&otilde; ph&iacute;m thoải m&aacute;i v&agrave; nhanh ch&oacute;ng nhất cho người d&ugrave;ng. B&agrave;n ph&iacute;m AccuType c&oacute; thể hạn chế tới 90% việc g&otilde; nhầm so với b&agrave;n ph&iacute;m th&ocirc;ng thường kh&aacute;c, gi&uacute;p c&ocirc;ng việc trở n&ecirc;n su&ocirc;n sẻ hơn.</p><p><img alt=\"bàn phím Lenovo ThinkPad E490\" data-original=\"https://fptshop.com.vn/Uploads/images/2015/Tin-Tuc/QuanLNH2/lenovo-thinkpad-e490-7.jpg\" src=\"https://fptshop.com.vn/Uploads/images/2015/Tin-Tuc/QuanLNH2/lenovo-thinkpad-e490-7.jpg\" class=\"fr-fic fr-dii\"></p>', 'upload/7.1.PNG', 'upload/7.2.PNG', 'upload/7.3.PNG', 1, '2019-11-06 19:23:22', 0, 18490000),
(41, 'MSI Modern 14 A10M i5-10210U/8Gb/256Gb/14\"FHD/Win10', 3, 6, '', '<ul><li><label>CPU :</label><a href=\"https://fptshop.com.vn/tin-tuc/danh-gia/tim-hieu-cac-dong-cpu-intel-tren-laptop56395\" target=\"_blank\">Intel, Core i5</a></li><li><label>RAM :</label><a href=\"https://fptshop.com.vn/tin-tuc/danh-gia/ram-la-gi-56446\" target=\"_blank\">8 GB, DDR4</a></li><li><label>Ổ cứng :</label><a href=\"https://fptshop.com.vn/tin-tuc/danh-gia/ssd-la-gi-nhung-uu-diem-so-voi-o-cung-hdd-thuong-56396\" target=\"_blank\">SSD, 256 GB</a></li><li><label>M&agrave;n h&igrave;nh :</label><a href=\"https://fptshop.com.vn/tin-tuc/danh-gia/moi-thu-ban-can-biet-khi-chon-man-hinh-laptop-56415\" target=\"_blank\">14.0 inchs, 1920 x 1080 Pixels</a></li><li><label>Card m&agrave;n h&igrave;nh :</label><a href=\"http://fptshop.com.vn/tin-tuc/danh-gia/tim-hieu-ve-chip-do-hoa-tich-hop-intel-hd-graphics-56495\" target=\"_blank\">Intel UHD Graphics 620, T&iacute;ch hợp</a></li><li><label>Cổng kết nối :</label>LAN : Kh&ocirc;ng, WIFI : 802.11 ac</li><li><label>Hệ điều h&agrave;nh :</label><a href=\"https://fptshop.com.vn/tin-tuc/tin-moi/tong-hop-cac-he-dieu-hanh-thong-dung-tren-laptop-56318\" target=\"_blank\">Windows 10 Home SL 64</a></li><li><label>Trọng lượng :</label>1.19kg</li><li><label>K&iacute;ch thước :</label>322 x 222 x 15.9mm</li><li><label>Xuất xứ :</label>Trung Quốc</li><li><label>Năm sản xuất :</label>2019</li></ul>', '', 'upload/8.2.PNG', 'upload/8.PNG', 'upload/8.1.PNG', 1, '2019-11-06 19:29:25', 12, 18990000),
(42, 'Lenovo Ideadpad S340-15IWL/Core I3 8145U/4GB/256G SSD/WIN10', 2, 4, '<p>Kh&aacute;ch h&agrave;ng chọn 1 trong 2 khuyến mại sau:</p><p>KM1:</p><ul><li>Trả g&oacute;p 0%/0đ</li></ul><p>KM2:</p><ul><li>Tặng Chu&ocirc;̣t kh&ocirc;ng d&acirc;y Zadez M390 <a href=\"https://fptshop.com.vn/phu-kien/chuot-khong-day-zadez-m390\" target=\"_blank\">Xem chi tiết</a></li><li>Tặng Tai nghe c&oacute; d&acirc;y cho&agrave;ng đầu i.value T-127 <a href=\"https://fptshop.com.vn/phu-kien/tai-nghe-co-day-choang-dau-ivalue-t-127-black\" target=\"_blank\">Xem chi tiết</a></li></ul><p>Kh&aacute;ch h&agrave;ng được khuyến mại th&ecirc;m:</p><ul><li>Tặng Balo Laptop</li><li>Mua Combo Sinh vi&ecirc;n: Office 365 Personal + Lạc Việt gi&aacute; chỉ c&ograve;n 690,000 đồng</li><li>Giảm 25% Combo bảo vệ Laptop (Combo MDMH v&agrave; Phần mềm Diệt virus Eset) khi mua k&egrave;m m&aacute;y</li></ul>', '', '<p><strong>Đẹp mắt, tiện dụng v&agrave; bền bỉ l&agrave; những cụm từ m&ocirc; tả trọn vẹn phẩm chất của Ideadpad S340-15IWL &ndash; chiếc laptop tầm trung hấp dẫn đến từ Lenovo. Sở hữu m&agrave;n h&igrave;nh 15.6 inch được thiết kế gần như kh&ocirc;ng viền, sản phẩm mang lại trải nghiệm giải tr&iacute; tốt v&agrave; cũng trở th&agrave;nh điểm nhấn g&acirc;y ấn tượng mạnh trong mắt kh&aacute;ch h&agrave;ng.</strong></p><p><img alt=\"Mô tả sản phẩm Lenovo Ideadpad S340-15IWL 1\" data-original=\"https://fptshop.com.vn/Uploads/images/2015/Tin-Tuc/AnhNQ/2610/Mo-ta-san-pham-lenovo-ideadpad-s340-15iwl-1.jpg\" src=\"https://fptshop.com.vn/Uploads/images/2015/Tin-Tuc/AnhNQ/2610/Mo-ta-san-pham-lenovo-ideadpad-s340-15iwl-1.jpg\" class=\"fr-fic fr-dii\"></p><p>&nbsp;</p><h3><strong>Diện mạo thanh lịch, nhẹ nh&agrave;ng v&agrave; tiện dụng</strong></h3><p>Lenovo Ideadpad S340-15IWL c&oacute; trọng lượng l&agrave; 1.75 kg, đ&acirc;y l&agrave; th&ocirc;ng số nhẹ ấn tượng nếu so s&aacute;nh với những mẫu laptop 15.6 inch tr&ecirc;n thị trường. C&aacute;ch thiết kế viền m&agrave;n h&igrave;nh si&ecirc;u mỏng gi&uacute;p tiết kiệm diện t&iacute;ch n&ecirc;n sản phẩm chỉ c&oacute; k&iacute;ch cỡ tổng thể gọn g&agrave;ng ở mức 35.5 x 24 x 25 mm, tạo th&agrave;nh lợi thế gia tăng sự tiện dụng của Ideadpad S340-15IWL, gi&uacute;p người d&ugrave;ng mang theo m&aacute;y dễ d&agrave;ng để l&agrave;m việc mọi nơi mọi l&uacute;c. C&ocirc;ng nghệ bản lề đặc biệt cho ph&eacute;p mở m&agrave;n h&igrave;nh tới 180 độ cũng hỗ trợ chủ nh&acirc;n thoải m&aacute;i l&agrave;m việc khi đặt m&aacute;y ở nhiều tư thế kh&aacute;c nhau.</p><p><img alt=\"Mô tả sản phẩm Lenovo Ideadpad S340-15IWL 2\" data-original=\"https://fptshop.com.vn/Uploads/images/2015/Tin-Tuc/AnhNQ/2610/Mo-ta-san-pham-lenovo-ideadpad-s340-15iwl-3.jpg\" src=\"https://fptshop.com.vn/Uploads/images/2015/Tin-Tuc/AnhNQ/2610/Mo-ta-san-pham-lenovo-ideadpad-s340-15iwl-3.jpg\" class=\"fr-fic fr-dii\"></p><p>&nbsp;</p><h3><strong>Khỏi lo ch&oacute;i mắt với c&ocirc;ng nghệ m&agrave;n h&igrave;nh Anti-Glare</strong></h3><p>Sở hữu m&agrave;n h&igrave;nh 15.6 inch với độ ph&acirc;n giải Full HD (1.920 x 1.080 pixels) Ideadpad S340-15IWL mang tới chất lượng h&igrave;nh ảnh sắc sảo v&agrave; ch&acirc;n thực. Kh&ocirc;ng chỉ vậy, để hạn chế sự kh&oacute; chịu do &aacute;nh s&aacute;ng phản chiếu v&agrave;o m&agrave;n h&igrave;nh khi sử dụng ngo&agrave;i trời, Lenovo c&ograve;n t&iacute;ch hợp cho m&agrave;n h&igrave;nh của chiếc m&aacute;y t&iacute;nh x&aacute;ch tay n&agrave;y c&ocirc;ng nghệ chống ch&oacute;i Anti-Glare hạn chế hiện tượng l&oacute;a mỏi mắt.</p><p><img alt=\"Mô tả sản phẩm Lenovo Ideadpad S340-15IWL 3\" data-original=\"https://fptshop.com.vn/Uploads/images/2015/Tin-Tuc/AnhNQ/2610/Mo-ta-san-pham-lenovo-ideadpad-s340-15iwl-2.jpg\" src=\"https://fptshop.com.vn/Uploads/images/2015/Tin-Tuc/AnhNQ/2610/Mo-ta-san-pham-lenovo-ideadpad-s340-15iwl-2.jpg\" class=\"fr-fic fr-dii\"></p><p>&nbsp;</p><h3><strong>C&ocirc;ng cụ tuyệt vời để học tập v&agrave; l&agrave;m việc h&agrave;ng ng&agrave;y</strong></h3><p>Mang trong m&igrave;nh bộ vi xử l&yacute; Intel Core i3 thế hệ thứ 8 xung nhịp 2.1GHz, Ideadpad S340 thể hiện hiệu năng l&agrave;m việc ổn định v&agrave; chạy mượt c&aacute;c c&ocirc;ng cụ l&agrave;m việc văn ph&ograve;ng. Bộ RAM 4GB DDR4 đảm bảo khả năng đa nhiệm tốt d&ugrave; bạn c&oacute; chạy nhiều t&aacute;c vụ c&ugrave;ng l&uacute;c. Ngo&agrave;i ra, điểm cộng kh&oacute; l&ograve;ng bỏ qua trong cấu h&igrave;nh của laptop Ideadpad S340 l&agrave; sự g&oacute;p mặt của ổ cứng SSD dung lượng 256GB gi&uacute;p r&uacute;t ngắn qu&aacute; tr&igrave;nh khởi động m&aacute;y v&agrave; mở ứng dụng nhanh ch&oacute;ng hơn nhiều.</p><p><img alt=\"Mô tả sản phẩm Lenovo Ideadpad S340-15IWL 5\" data-original=\"https://fptshop.com.vn/Uploads/images/2015/Tin-Tuc/AnhNQ/2610/Mo-ta-san-pham-lenovo-ideadpad-s340-15iwl-5.jpg\" src=\"https://fptshop.com.vn/Uploads/images/2015/Tin-Tuc/AnhNQ/2610/Mo-ta-san-pham-lenovo-ideadpad-s340-15iwl-5.jpg\" class=\"fr-fic fr-dii\"></p><p>&nbsp;</p><h3><strong>Hệ thống cổng kết nối phong ph&uacute;</strong></h3><p>Ideadpad S340 sở hữu hệ thống cổng kết nối phong ph&uacute; đa dạng ở c&aacute;c cạnh b&ecirc;n như cổng USB 3.0, USB Type-C, HDMI, jack cắm tai nghe/mic 3.5 mm, việc truy xuất &acirc;m thanh, h&igrave;nh ảnh từ laptop của bạn tới c&aacute;c thiết bị ngoại vi như loa, m&agrave;n chiếu hay TV sẽ trở n&ecirc;n dễ d&agrave;ng hơn bao giờ hết.</p><p><img alt=\"Mô tả sản phẩm Lenovo Ideadpad S340-15IWL 4\" data-original=\"https://fptshop.com.vn/Uploads/images/2015/Tin-Tuc/AnhNQ/2610/Mo-ta-san-pham-lenovo-ideadpad-s340-15iwl-4.jpg\" src=\"https://fptshop.com.vn/Uploads/images/2015/Tin-Tuc/AnhNQ/2610/Mo-ta-san-pham-lenovo-ideadpad-s340-15iwl-4.jpg\" class=\"fr-fic fr-dii\"></p><p>&nbsp;</p><h3><strong>Ph&aacute;t huy tối đa sức mạnh phần cứng với Windows 10 Home</strong></h3><p>Nhằm tận dụng tối đa sức mạnh phần cứng của Lenovo Ideadpad S340-15IWL, nh&agrave; sản xuất đ&atilde; c&agrave;i đặt sẵn phi&ecirc;n bản Windows 10 Home cho thiết bị ngay từ đầu. Sự mượt m&agrave; v&agrave; c&aacute;c t&iacute;nh năng của Windows 10 Homes sẽ đảm bảo trải nghiệm phần mềm lu&ocirc;n lu&ocirc;n ổn định trong suốt qu&aacute; tr&igrave;nh bạn sử dụng thiết bị</p>', 'upload/9.1.PNG', 'upload/9.2.PNG', 'upload/', 1, '2019-11-07 06:50:17', 10, 11390000),
(43, 'Lenovo Thinkpad E590/Core i5-8265U/8GB/512GB SSD/15.6FHD/VGA 2GB/WIN10', 2, 4, '<p>Kh&aacute;ch h&agrave;ng chọn 1 trong 2 khuyến mại sau:</p><p>KM1:</p><ul><li>Trả g&oacute;p 0%/0đ</li></ul><p>KM2:</p><ul><li>Tặng PMH 800,000đ</li></ul><p>Kh&aacute;ch h&agrave;ng chọn 1 trong 2 khuyến mại sau:</p><ul><li>Tặng Balo Laptop</li><li>Mua Combo Sinh vi&ecirc;n: Office 365 Personal + Lạc Việt gi&aacute; chỉ c&ograve;n 690,000 đồng</li><li>Giảm 25% Combo bảo vệ Laptop (Combo MDMH v&agrave; Phần mềm Diệt virus Eset) khi mua k&egrave;m m&aacute;y</li></ul>', '<ul><li><label>CPU :</label><a href=\"https://fptshop.com.vn/tin-tuc/danh-gia/tim-hieu-cac-dong-cpu-intel-tren-laptop56395\" target=\"_blank\">Intel, Core i5</a></li><li><label>RAM :</label><a href=\"https://fptshop.com.vn/tin-tuc/danh-gia/ram-la-gi-56446\" target=\"_blank\">8 GB, DDR4</a></li><li><label>Ổ cứng :</label><a href=\"https://fptshop.com.vn/tin-tuc/danh-gia/ssd-la-gi-nhung-uu-diem-so-voi-o-cung-hdd-thuong-56396\" target=\"_blank\">SSD, 512 GB</a></li><li><label>M&agrave;n h&igrave;nh :</label><a href=\"https://fptshop.com.vn/tin-tuc/danh-gia/moi-thu-ban-can-biet-khi-chon-man-hinh-laptop-56415\" target=\"_blank\">15.6 inchs, 1920 x 1080 Pixels</a></li><li><label>Card m&agrave;n h&igrave;nh :</label>RX_550X_2GB_D5_64B, Card rời</li><li><label>Cổng kết nối :</label>LAN : 10/100/1000 Mbps, WIFI : 802.11 ac</li><li><label>Hệ điều h&agrave;nh :</label><a href=\"https://fptshop.com.vn/tin-tuc/tin-moi/tong-hop-cac-he-dieu-hanh-thong-dung-tren-laptop-56318\" target=\"_blank\">Windows 10 Home SL 64</a></li><li><label>Trọng lượng :</label>2.1 Kg</li><li><label>K&iacute;ch thước :</label>369mm x 252.5mm x 19.9mm</li></ul>', '<p><strong>Lenovo ThinkPad E590 sở hữu cấu h&igrave;nh si&ecirc;u mạnh mẽ với card rời RX 550X cực khủng, khả năng bảo mật h&agrave;ng đầu, xứng đ&aacute;ng l&agrave; chiếc laptop doanh nh&acirc;n 15,6 inch đ&aacute;ng mua nhất hiện nay.</strong></p><p><strong><img alt=\"Lenovo ThinkPad E590\" data-original=\"https://fptshop.com.vn/Uploads/images/2015/Tin-Tuc/QuanLNH2/lenovo-thinkpad-e590-1.jpg\" src=\"https://fptshop.com.vn/Uploads/images/2015/Tin-Tuc/QuanLNH2/lenovo-thinkpad-e590-1.jpg\" class=\"fr-fic fr-dii\"></strong></p><h3><strong>Cấu h&igrave;nh cao cấp, sức mạnh đồ họa tuyệt hảo</strong></h3><p>Lenovo ThinkPad E590 thể hiện hiệu năng mạnh mẽ nhờ những linh kiện phần cứng cao cấp h&agrave;ng đầu tr&ecirc;n một chiếc laptop. Bạn sẽ c&oacute; bộ vi xử l&yacute; Intel Core i5 8265U, đi c&ugrave;ng 8GB RAM DDR4 v&agrave; 512GB ổ cứng SSD cao cấp. Đặc biệt, ThinkPad E590 t&iacute;ch hợp c&ocirc;ng nghệ Intel Optane gi&uacute;p mọi t&aacute;c vụ trong m&aacute;y đều chạy nhanh hơn, từ hoạt động th&ocirc;ng thường cho đến chơi game. Chưa kể đến việc ổ cứng SSD tr&ecirc;n ThinkPad E590 l&agrave; ổ SSD chuẩn Pcle, tốc độ nhanh hơn tới 4 lần so với ổ cứng SSD Sata th&ocirc;ng thường. Mọi thứ tr&ecirc;n ThinkPad E590 đều diễn ra nhanh ch&oacute;ng đ&aacute;ng kinh ngạc.</p><p>Lenovo ThinkPad E590 kh&ocirc;ng những chạy tốt c&aacute;c c&ocirc;ng việc th&ocirc;ng thường, m&agrave; c&ograve;n l&agrave; thiết bị xử l&yacute; đồ họa v&agrave; chơi game ho&agrave;n hảo khi trang bị card đồ họa rời AMD Radeon RX 550X 2GB DDR5. Đ&acirc;y l&agrave; card đồ họa mạnh mẽ chuy&ecirc;n dụng cho laptop, n&acirc;ng tầm hiệu năng của ThinkPad E590, đ&aacute;p ứng tốt cả c&ocirc;ng việc v&agrave; giải tr&iacute;.</p><p><img alt=\"cấu hìnhLenovo ThinkPad E590\" data-original=\"https://fptshop.com.vn/Uploads/images/2015/Tin-Tuc/QuanLNH2/lenovo-thinkpad-e590-2.jpg\" src=\"https://fptshop.com.vn/Uploads/images/2015/Tin-Tuc/QuanLNH2/lenovo-thinkpad-e590-2.jpg\" class=\"fr-fic fr-dii\"></p><h3><strong>Dễ d&agrave;ng n&acirc;ng cấp RAM v&agrave; ổ cứng</strong></h3><p>Kh&ocirc;ng chỉ mạnh mẽ, Lenovo ThinkPad E590 c&ograve;n dễ d&agrave;ng n&acirc;ng cấp hiệu năng t&ugrave;y theo nhu cầu người sử dụng. Hai khe cắm RAM hỗ trợ n&acirc;ng RAM l&ecirc;n tới tối đa 32GB; khe cắm ổ cứng c&oacute; t&ugrave;y chọn mở rộng th&ecirc;m ổ HDD để sử dụng song song, tăng dung lượng lưu trữ. Sức mạnh kh&ocirc;ng giới hạn của ThinkPad E590 sẽ l&agrave; người trợ l&yacute; đắc lực cho bạn.</p><p><img alt=\"ram Lenovo ThinkPad E590\" data-original=\"https://fptshop.com.vn/Uploads/images/2015/Tin-Tuc/QuanLNH2/lenovo-thinkpad-e590-3.jpg\" src=\"https://fptshop.com.vn/Uploads/images/2015/Tin-Tuc/QuanLNH2/lenovo-thinkpad-e590-3.jpg\" class=\"fr-fic fr-dii\"></p><h3><strong>Bảo mật kh&ocirc;ng lỗ hổng, an ninh mạng h&agrave;ng đầu cho doanh nghiệp</strong></h3><p>Lenovo ThinkPad E590 l&agrave; chiếc laptop c&oacute; khả năng bảo mật mạnh mẽ h&agrave;ng đầu hiện nay. To&agrave;n bộ những lỗ hổng về bảo mật giao thức SMB đều được khắc phục, cho dữ liệu an to&agrave;n tr&ecirc;n m&aacute;y t&iacute;nh Windows của bạn. Một cảm biến v&acirc;n tay tăng th&ecirc;m x&aacute;c thực an to&agrave;n bằng sinh trắc học; trong khi đ&oacute; nền tảng bảo mật TPM 2.0 sẽ m&atilde; h&oacute;a dữ liệu phần cứng bằng c&aacute;c c&ocirc;ng cụ m&atilde; h&oacute;a tương tự Microsoft BitLocker của Windows 10 Pro. Dữ liệu an to&agrave;n gi&uacute;p bạn y&ecirc;n t&acirc;m để tập trung cho c&ocirc;ng việc m&agrave; kh&ocirc;ng sợ những th&ocirc;ng tin bị đ&aacute;nh cắp.</p><p><img alt=\"bảo mật Lenovo ThinkPad E590\" src=\"https://i.froala.com/download/fc0b0654a08260687317732083f1eea95382a9a9.jpg?1573106706\" class=\"fr-fic fr-dii\"></p><h3><strong>Thiết kế sang trọng, bền bỉ qua thời gian</strong></h3><p>Lenovo ThinkPad E590 được l&agrave;m từ kim loại s&aacute;ng b&oacute;ng, mang đến cảm gi&aacute;c sang trọng, cao cấp với ng&ocirc;n ngữ thiết kế mạnh mẽ chuẩn doanh nh&acirc;n. D&ugrave; mỏng nhẹ nhưng ThinkPad E590 vẫn đảm bảo độ bền khi vượt qua những b&agrave;i kiểm tra chất lượng ti&ecirc;u chuẩn c&ocirc;ng nghiệp. Tất cả những yếu tố như v&ograve;ng đời bản lề, quạt tản nhiệt, phản ứng với rung lắc, chống sốc, tuổi thọ b&agrave;n ph&iacute;m đều được kiểm tra kỹ c&agrave;ng trước khi đến tay kh&aacute;ch h&agrave;ng. Sở hữu E590 đồng nghĩa l&agrave; bạn c&oacute; được sự kết hợp ho&agrave;n hảo giữa thời trang v&agrave; độ bền.</p><p><img alt=\"thiết kế Lenovo ThinkPad E590\" data-original=\"https://fptshop.com.vn/Uploads/images/2015/Tin-Tuc/QuanLNH2/lenovo-thinkpad-e590-5.jpg\" src=\"https://fptshop.com.vn/Uploads/images/2015/Tin-Tuc/QuanLNH2/lenovo-thinkpad-e590-5.jpg\" class=\"fr-fic fr-dii\"></p><h3><strong>N&acirc;ng cao năng suất l&agrave;m việc bằng b&agrave;n ph&iacute;m AccuType</strong></h3><p>Lenovo ThinkPad E590 sở hữu b&agrave;n ph&iacute;m AccuType độc quyền. Đ&acirc;y l&agrave; loại b&agrave;n ph&iacute;m cao cấp, thiết kế với h&agrave;nh tr&igrave;nh ph&iacute;m hợp l&yacute;, độ nảy cao, tốc độ phản hồi ấn tượng, mang lại trải nghiệm g&otilde; ph&iacute;m thoải m&aacute;i v&agrave; nhanh ch&oacute;ng nhất cho người d&ugrave;ng. B&agrave;n ph&iacute;m AccuType c&oacute; thể hạn chế tới 90% việc g&otilde; nhầm so với b&agrave;n ph&iacute;m th&ocirc;ng thường kh&aacute;c, gi&uacute;p c&ocirc;ng việc trở n&ecirc;n su&ocirc;n sẻ hơn.</p><p><img alt=\"bàn phím Lenovo ThinkPad E590\" src=\"https://i.froala.com/download/ae150be78ccb89cee85b14b65995ec9276b6da2c.jpg?1573106706\" class=\"fr-fic fr-dii\"></p><h3><strong>Sẵn s&agrave;ng cho những cuộc họp quan trọng</strong></h3><p>Trong x&atilde; hội hiện đại ng&agrave;y nay, những cuộc họp qua video rất phổ biến, để bạn c&oacute; thể theo s&aacute;t c&ocirc;ng việc mọi l&uacute;c mọi nơi. ThinkPad E590 cung cấp những phương tiện tuyệt vời cho buổi họp video của bạn. Laptop sở hữu m&agrave;n h&igrave;nh 15,6 inch độ ph&acirc;n giải Full HD sắc n&eacute;t; webcam HD; micro khử tiếng ồn k&eacute;p v&agrave; c&ocirc;ng nghệ &acirc;m thanh Dolby Advanced Audio cao cấp. Lenovo ThinkPad E590 đủ chuẩn Skype for Business, sẵn s&agrave;ng cho mọi cuộc họp chất lượng.</p><p><img alt=\"webcam Lenovo ThinkPad E590\" src=\"https://i.froala.com/download/dbe3082252ea692fe5b113e1638c1d6c1eb90710.jpg?1573106706\" class=\"fr-fic fr-dii\"></p><h3><strong>L&agrave;m việc qu&ecirc;n thời gian</strong></h3><p>Với ThinkPad E590, bạn c&oacute; thể đắm ch&igrave;m trong c&ocirc;ng việc m&agrave; kh&ocirc;ng cần để &yacute; đến nguồn sạc. Thời lượng pin 11 giờ đủ để bạn giải quyết hết c&ocirc;ng việc trong ng&agrave;y. Hơn nữa, khi cần cắm sạc, c&ocirc;ng nghệ sạc nhanh Rapid Charge cho ph&eacute;p bạn sạc đầy từ 0 l&ecirc;n 80% chỉ trong v&ograve;ng 1 giờ. Tận dụng thời gian nghỉ trưa để nạp đầy năng lượng, ThinkPad E590 lu&ocirc;n sẵn s&agrave;ng.</p><p><img alt=\"pin Lenovo ThinkPad E590\" src=\"https://i.froala.com/download/b0662d267d8ed2404853868ef0c8795fb7458d78.jpg?1573106706\" class=\"fr-fic fr-dii\"></p>', 'upload/10.1.PNG', 'upload/10.2.PNG', 'upload/10.3.PNG', 1, '2019-11-07 07:05:54', 10, 19990000);
INSERT INTO `tbl_sp` (`id_sp`, `name_sp`, `id_loaisp`, `id_hangsx`, `noibat`, `thongso_sp`, `mota_sp`, `img1`, `img2`, `img3`, `status`, `dateCreate`, `sale`, `gia_sp`) VALUES
(44, 'MSI GE63 8RE-410VN Raider RGB Edition | i7-8750H | 16GB DDR4 | 128GB SSD + 1TB HDD | GeForce GTX 1060 6GB | 15.6 FHD 120Hz | Win10', 3, 5, '<ul><li>Kh&aacute;ch h&agrave;ng chọn 1 trong c&aacute;c g&oacute;i KM:<br>KM1 - Tặng 5.500.000đ (Đ&atilde; trừ v&agrave;o gi&aacute;)<br>KM2 - N&acirc;ng cấp miễn ph&iacute; SSD 512GB PCIe Samsung<br>KM3 - Trả g&oacute;p l&atilde;i suất 0%</li><li>Hộp qu&agrave; tặng Loot Box LV.2 (SL c&oacute; hạn):<br>- Tai nghe Gaming MSI ch&iacute;nh h&atilde;ng<br>- Balo t&uacute;i r&uacute;t MSI cực chất<br>- B&uacute;p b&ecirc; rồng b&ocirc;ng MSI</li><li>Bộ qu&agrave; tặng đi k&egrave;m:<br>- Balo MSI Hecate Gaming Backpack II ch&iacute;nh h&atilde;ng<br>- Chuột Gaming MSI ch&iacute;nh h&atilde;ng<br>- L&oacute;t chuột Gaming size XXXL</li><li>C&acirc;n chỉnh m&agrave;u miễn ph&iacute; định k&igrave;</li><li>Vệ sinh m&aacute;y (tra keo tản nhiệt)</li><li>Cộng đồng hỗ trợ kỹ thuật: <a href=\"https://www.facebook.com/groups/320152121754260/\">Tham gia</a></li></ul>', '<table><tbody><tr><td>Model</td><td>MSI GE63 8RE-410VN Raider RGB Edition</td></tr><tr><td>CPU</td><td>Intel&reg; Core&trade; i7-8750H (2.20GHz upto 4.10GHz, 6Cores, 12Threads, 9MB cache, FSB 8GT/s)</td></tr><tr><td>RAM</td><td>16GB DDR4 2666MHz, 2 Slots, Max 32GB</td></tr><tr><td>Ổ cứng</td><td>128GB SSD M.2 PCIe3x4 NMVe (Super Raid) + 1TB HDD 7200rpm</td></tr><tr><td>CD/DVD</td><td>None</td></tr><tr><td>Card VGA</td><td>NVIDIA GeForce&reg; GTX 1060 6GB GDDR5</td></tr><tr><td>M&agrave;n h&igrave;nh</td><td>15.6-inch FHD (1920*1080), 120Hz wideview 94%NTSC color Anti-Glare 3ms</td></tr><tr><td>Kết nối</td><td>Killer Gb LAN<br>Intel Wireless-AC 9560 (2*2 a/c) + BT5</td></tr><tr><td>B&agrave;n ph&iacute;m</td><td>SteelSeries Backlight Keyboard (Per-Key RGB, Full-Color)</td></tr><tr><td>Tản nhiệt</td><td>Cooler Boost 5 (2 Quạt + 7 Ống dẫn nhiệt + 4 Ống xả)</td></tr><tr><td>T&iacute;ch hợp</td><td>1x Mic-in<br>1x Headphone-out (HiFi / SPDIF)<br>1x Type-C USB3.1 Gen2<br>2x Type-A USB3.1 Gen1<br>1x Type-A USB3.1 Gen2<br>1x RJ45 1x SD (XC/HC)<br>1x (4K @ 60Hz) HDMI<br>1x Mini-DisplayPort</td></tr><tr><td>Trọng lượng</td><td>2.49 kg</td></tr><tr><td>Pin</td><td>6-Cell 51 Whr</td></tr><tr><td>Hệ điều h&agrave;nh</td><td>Windows 10 Home bản quyền</td></tr></tbody></table>', '', 'upload/11.1.PNG', 'upload/11.2.PNG', 'upload/11.3.PNG', 1, '2019-11-07 09:33:48', 2, 39990000),
(48, 'Máy tính DELL intel CORE i5', 1, 1, '', '', '', 'upload/4.2.PNG', 'upload/', 'upload/', 1, '2020-11-30 15:05:01', 3, 15000000),
(49, 'Apple 13.3', 4, 8, '', '', '', 'upload/8.1.PNG', '', 'upload/8.PNG', 1, '2020-11-30 18:41:21', 5, 60000000);

-- --------------------------------------------------------

--
-- Cấu trúc bảng cho bảng `tbl_tin`
--

CREATE TABLE `tbl_tin` (
  `id_tin` int(11) NOT NULL,
  `tieuDe` varchar(255) COLLATE utf8_unicode_ci NOT NULL,
  `img` text COLLATE utf8_unicode_ci DEFAULT NULL,
  `tomtat` text COLLATE utf8_unicode_ci DEFAULT NULL,
  `noidung` text COLLATE utf8_unicode_ci DEFAULT NULL,
  `tukhoa` varchar(255) COLLATE utf8_unicode_ci DEFAULT NULL,
  `ngayviet` datetime DEFAULT NULL
) ENGINE=InnoDB DEFAULT CHARSET=utf8 COLLATE=utf8_unicode_ci;

--
-- Đang đổ dữ liệu cho bảng `tbl_tin`
--

INSERT INTO `tbl_tin` (`id_tin`, `tieuDe`, `img`, `tomtat`, `noidung`, `tukhoa`, `ngayviet`) VALUES
(1, 'Top 5 Laptop Gaming MSI Hot Nhất 2019', 'upload/2.PNG', '<p>Thị trường laptop gaming trong 2019 kh&aacute; s&ocirc;i động với sự ra đời của nhiều sản phẩm gaming ấn tượng về cả thiết kế lẫn hiệu năng. Trong đ&oacute;, h&atilde;ng MSI cũng g&oacute;p mặt với c&aacute;c &ldquo;chiến binh&rdquo; cực chất trải d&agrave;i mọi ph&acirc;n kh&uacute;c. Để t&igrave;m hiểu kĩ hơn, h&atilde;y c&ugrave;ng Kim Long Center điểm danh <strong>top 5 laptop gaming MSI hot nhất 2019</strong> ngay trong b&agrave;i viết sau nh&eacute;.l</p>', '<p><img alt=\"top 5 laptop gaming MSi hot nhất 2019\" src=\"https://kimlongcenter.com/upload/image/tintuc/top%205%20laptop%20gaming%20MSi%202019/top-5-laptop0gaming-msi-%C4%91%C3%A1ng-mua-2019.jpg\" class=\"fr-fic fr-dii\"></p><p>&nbsp;</p><p>&nbsp;</p><p>&nbsp;</p><h3><strong>1. MSI GF63 THIN 9RCX 646VN</strong></h3><h3>&nbsp;</h3><p>L&agrave; một trong những chiến binh mới nhất trong năm nay của <a href=\"https://kimlongcenter.com/danh-muc/gf-series-520.html\"><strong>d&ograve;ng GF Series</strong></a>, <strong>MSI GF63 Thin 9RCX 646VN </strong>sở hữu cấu h&igrave;nh ấn tượng trong ph&acirc;n kh&uacute;c tầm trung với chip thế hệ thứ 9 c&ugrave;ng card rời GTX 1050Ti. Chiếc m&aacute;y n&agrave;y sẽ l&agrave; đối thủ nặng k&iacute; của c&aacute;c h&atilde;ng kh&aacute;c v&igrave; ph&ugrave; hợp cho cả học tập, l&agrave;m việc kết hợp giải tr&iacute; cao với mức gi&aacute; dưới 25 triệu.</p><p>&nbsp;</p><p><strong>GF63 9RCX 646VN</strong> được <a href=\"https://kimlongcenter.com/danh-muc/laptop-msi-477.html\"><strong>MSI</strong></a> trang bị hiệu năng xứng đ&aacute;ng trong tầm gi&aacute;. Vi xử l&yacute; Core i5-9300H, 8GB RAM c&ugrave;ng SSD 512GB M.2 PCIe gi&uacute;p mọi đa nhiệm trở n&ecirc;n mượt m&agrave; hơn, kể cả khi chạy nhiều ứng dụng c&ugrave;ng l&uacute;c. B&ecirc;n cạnh đ&oacute;, card rời <strong>GTX 1050Ti 4GB GDDR5</strong> cũng gi&uacute;p c&aacute;c gamer trải nghiệm ho&agrave;n hảo c&aacute;c tựa game PUBG, Battlefỉeld 4, Metro Last Light,...ở mức xấp xỉ 60 FPS với độ ph&acirc;n giải 1080p. Với d&ograve;ng m&aacute;y n&agrave;y, MSI c&ograve;n mang đến cho bạn một t&ugrave;y chọn nữa l&agrave; Core i7-9750H với <a href=\"https://kimlongcenter.com/san-pham/msi-gf63-thin-9rcx-645vn-i7-9750h-3587.html\"><strong>GF63 Thin 9RCX 645VN</strong></a> để chiến game tốt hơn.</p><p>&nbsp;</p><p><img alt=\"gf63 thin 9rcx 646vn\" src=\"https://kimlongcenter.com/upload/image/tintuc/top%205%20laptop%20gaming%20MSi%202019/gf63-thin-9rcx-646vn.jpg\" class=\"fr-fic fr-dii\"></p><p><em>Laptop MSI GF63 Thin 9RCX 646VN</em></p><p>&nbsp;</p><p><br></p><p>&nbsp;</p><h3><strong>2. MSI GF63 THIN 9SC-070VN</strong></h3><h3>&nbsp;</h3><p><strong>GF63 Thin 9SC-070VN </strong>được biết đến với hiệu năng xứng đ&aacute;ng trong ph&acirc;n kh&uacute;c tầm 25 triệu để hướng tới nhu cầu l&agrave;m việc, học tập kết hợp giải tr&iacute;, điển h&igrave;nh l&agrave; c&aacute;c bạn sinh vi&ecirc;n.<strong>&nbsp;</strong>Ưu điểm lớn nhất của chiếc laptop gaming n&agrave;y l&agrave; c&oacute; t&iacute;nh di dộng cao với khối lượng 1.86kg, song song đ&oacute; thiết kế cũng kh&aacute; mỏng nhẹ n&ecirc;n rất ph&ugrave; hợp cho người d&ugrave;ng phải di chuyển nhiều.</p><p>&nbsp;</p><p>Viền m&agrave;n h&igrave;nh si&ecirc;u mỏng từ trước đến nay chỉ c&oacute; ở d&ograve;ng <a href=\"https://kimlongcenter.com/danh-muc/gs-series-488.html\"><strong>GS Series</strong></a> cao cấp, nhưng n&oacute; đ&atilde; được trang bị cho <strong>MSI GF63 Thin 9SC 070VN</strong> để mang lại kh&ocirc;ng giaN hiển thị tốt hơn tr&ecirc;n khung m&agrave;n h&igrave;nh 15.6&rdquo;. Cấu h&igrave;nh của m&aacute;y cũng mạnh mẽ với Core i7-9750H, RAM c&oacute; sẵn 8GB v&agrave; SSD 256GB đủ sức đảm đương c&aacute;c tựa game hot hiện nay.</p><p>&nbsp;</p><p>Điểm cộng cho hiệu năng của m&aacute;y l&agrave; sở hữu card đồ họa <strong>NVIDA GeForce GTX 1650 4GB </strong>mang trải nghiệm ấn tượng cho người d&ugrave;ng khi chơi c&aacute;c tựa game c&oacute; độ ph&acirc;n giải cao. Ngo&agrave;i ra, bạn cũng c&oacute; thể t&ugrave;y chọn chip Core i5-9300H với c&aacute;c th&ocirc;ng số cấu h&igrave;nh tương tự với phi&ecirc;n bản <a href=\"https://kimlongcenter.com/san-pham/msi-gf63-thin-9sc-071vn-i5-9300h-3396.html\"><strong>GF63 Thin 9SC-071VN.</strong></a></p><p>&nbsp;</p><p><img alt=\"LAPTOP MSI GF63 THIN 9SC-070VN\" src=\"https://kimlongcenter.com/upload/image/tintuc/top%205%20laptop%20gaming%20MSi%202019/LAPTOP-gf63-thin-9sc-070vn.jpg\" class=\"fr-fic fr-dii\"></p><p><em>Laptop MSI GF63 Thin 9SC-070VN</em></p><p>&nbsp;</p><p><br></p><p>&nbsp;</p><h3><strong>3. MSI GF75 THIN 9SC-207VN</strong></h3><h3>&nbsp;</h3><p>Cũng nằm trong d&ograve;ng GF Series như hai d&ograve;ng m&aacute;y tr&ecirc;n, <strong>GF75 Thin 9SC-207VN</strong> nổi bật với thiết kế m&agrave;n h&igrave;nh 17.3&rdquo; FHD IPS hướng đến người d&ugrave;ng y&ecirc;u th&iacute;ch g&oacute;c nh&igrave;n rộng. Song song đ&oacute;, m&agrave;n h&igrave;nh cũng được viền mỏng ở 3 cạnh gi&uacute;p cho tỉ lệ m&agrave;n h&igrave;nh l&ecirc;n đến 88% th&acirc;n m&aacute;y, đ&acirc;y cũng l&agrave; điểm cộng lớn cho chiếc m&aacute;y n&agrave;y.</p><p>&nbsp;</p><p>Ngo&agrave;i ra, hiệu năng của <strong>MSI GF75 Thin 9SC 207VN</strong> cũng kh&ocirc;ng l&agrave;m bạn thất vọng. Sức mạnh của m&aacute;y được ph&aacute;t huy nhờ vi xử l&yacute; Core i7-9750H, RAM 8GB c&ugrave;ng SSD 256GB PCIe đảm đương tốt c&aacute;c tựa game online. Ngo&agrave;i ra card rời <strong>GTX 1650 4GB</strong> với nền tảng Turing được xem l&agrave; cạnh tranh với GTX 1050Ti cũng mang lại chất lượng đồ họa cao.</p><p>&nbsp;</p><p><img alt=\"GF75 THIN 9SC-207VN\" src=\"https://kimlongcenter.com/upload/image/tintuc/top%205%20laptop%20gaming%20MSi%202019/LAPTOP-MSI-GF75-THIN-9SC-207VN.jpg\" class=\"fr-fic fr-dii\"></p><p><em>Laptop MSI GF75 Thin 9SC-207VN</em></p><p>&nbsp;</p><p>&nbsp;</p><p><strong>&nbsp; &nbsp;</strong></p><p>&nbsp;</p><h3><strong>4. MSI GL75 9SD-035VN</strong></h3><h3>&nbsp;</h3><p>Nếu bạn mong muốn chiến game đ&atilde; mắt với g&oacute;c nh&igrave;n rộng th&igrave; <strong>MSI GL75 9SD-035VN</strong> với trang bị m&agrave;n h&igrave;nh 17&rdquo; FHD, kết hợp tần số qu&eacute;t 120Hz l&agrave; lựa chọn kh&ocirc;ng thể tuyệt vời hơn. Với mức gi&aacute; tầm 35 triệu, chiếc m&aacute;y của d&ograve;ng <a href=\"https://kimlongcenter.com/danh-muc/gl-series-486.html\" target=\"_blank\"><strong>GL series</strong></a> rất đ&aacute;ng để bạn sở hữu v&igrave; sức mạnh kh&oacute; cưỡng của m&igrave;nh.</p><p>&nbsp;</p><p><strong>GL75 9SD-035VN</strong> được trang bị vi xử l&yacute; Core i7-9750H xung nhịp từ 2.6-4.5GHz, dung lượng RAM lớn 16GB c&ugrave;ng SSD 512GB NVMe PCIe ho&agrave;n to&agrave;n đảm đương tốt mọi đa nhiệm của người c&ugrave;ng cũng như chạy c&aacute;c tựa game nặng. B&ecirc;n cạnh đ&oacute;, card rời GTX 1660Ti sẽ mang lại cho bạn chất lượng đồ họa tuyệt vời tr&ecirc;n từng khung h&igrave;nh.</p><p>&nbsp;</p><p>Về tản nhiệt th&igrave; ch&uacute;ng ta c&oacute; lẽ kh&ocirc;ng c&ograve;n b&agrave;n c&atilde;i về d&ograve;ng <a href=\"https://kimlongcenter.com/tim-kiem.html?fucn_oth=154\"><strong>laptop gaming</strong></a> của MSI. Bỏ qua thiết kế tản nhiệt Cooler Boost 3 v&agrave; 4 được đ&aacute;nh gi&aacute; rất cao trước đ&oacute;, <strong>GL75 9SD-035VN</strong> được trang bị lu&ocirc;n cả Cooler Boost 5 với 7 ống đồng gi&uacute;p xả gi&oacute; nhiều hơn để mọi cuộc chơi đều kh&ocirc;ng bị gi&aacute;n đoạn.</p><p>&nbsp;</p><p><img alt=\"GL75 9SD-035VN\" src=\"https://kimlongcenter.com/upload/image/tintuc/top%205%20laptop%20gaming%20MSi%202019/MSI-GL75-9SD-035VN.jpg\" class=\"fr-fic fr-dii\"></p><p><em>Laptop MSI GL75 9SD-035VN</em></p><p>&nbsp;</p><p><strong>&nbsp; </strong></p><p>&nbsp;</p><h3><strong>5. MSI GP65 LEOPARD 9SD-068VN</strong></h3><h3>&nbsp;</h3><p>Với sự ph&aacute; c&aacute;ch ở ngoại h&igrave;nh cũng như hiệu năng được trang bị cực khủng d&agrave;nh cho ph&acirc;n kh&uacute;c cao cấp, <strong>MSI GP65 Leopard 9SD-068VN</strong> sẽ l&agrave; lựa chọn ho&agrave;n hảo cho c&aacute;c game thủ chinh phục đỉnh cao tr&ecirc;n mọi tựa game.</p><p>&nbsp;</p><p>Những điểm cộng lớn d&agrave;nh cho chiếc m&aacute;y trước hết đến từ hiệu năng. Ngo&agrave;i chip Core i7-9750H 6 nh&acirc;n 12 luồng mạnh mẽ, dung lượng RAM cũng được trang bị đến 16GB v&agrave; kh&ocirc;ng thế thiếu SSD 512GB PCIe cho tốc độ truy xuất nhanh. Hơn nữa, card rời <strong>GTX 1660Ti 6GB</strong> kh&ocirc;ng những hỗ trợ tốt cho c&ocirc;ng việc s&aacute;ng tạo m&agrave; c&ograve;n thể hiện khả năng đồ họa sắc n&eacute;t với c&aacute;c tựa game Apex Legend (setiing High) hay PUBG (setiing Ultra).</p><p>&nbsp;</p><p>Ngo&agrave;i ra, với việc sở hữu <strong>GP65 Leopard 9SD</strong> người d&ugrave;ng c&ograve;n được trải nghiệm thị gi&aacute;c ho&agrave;n hảo hơn với b&agrave;n ph&iacute;m RGB đẹp mắt c&ugrave;ng tần số qu&eacute;t m&agrave;n h&igrave;nh ấn tượng 144Hz.</p><p>&nbsp;</p><p><img alt=\"gp65 leopard 9sd-068vn\" src=\"https://kimlongcenter.com/upload/image/tintuc/top%205%20laptop%20gaming%20MSi%202019/gp65-leopard.jpg\" class=\"fr-fic fr-dii\"></p><p><em>Laptop MSI&nbsp;GP65 Leopard 9SD -068VN</em></p>', '<h1>Top 5 Laptop Gaming MSI Hot Nhất 2019</h1>', '2019-11-13 04:22:29'),
(2, 'Dell ra mắt laptop chạy chip core thế hệ 10 đầu tiên tại Việt Nam', 'upload/3.PNG', '<p><strong>Với sản phẩm mới, Dell kh&ocirc;ng chỉ n&acirc;ng cấp nền tảng phần cứng m&agrave; c&ograve;n cải tiến nhiều về thiết kế, mang lại trải nghiệm người d&ugrave;ng tốt hơn, sức mạnh xử l&yacute; đồ họa c&ugrave;ng thời lượng d&ugrave;ng pin l&acirc;u hơn</strong></p>', '<p><img src=\"https://cdn.trangcongnghe.com/uploads/posts/2019-10/dell-tung-laptop-chay-chip-core-the-he-10-dau-tien-tai-viet-nam-gia-tu-1259-trieu-1.jpg\" alt=\"Dell ra mắt laptop chạy chip core thế hệ 10 đầu tiên tại Việt Nam\" class=\"fr-fic fr-dii\"></p><h3><strong>DELL INSPIRON 2019</strong></h3><p>Inspiron l&agrave; nh&oacute;m laptop được n&acirc;ng cấp nền tảng phần cứng Intel Core thế hệ 10 với đa dạng sản phẩm thuộc c&aacute;c ph&acirc;n kh&uacute;c Inspiron 3000, 5000 v&agrave; cả Inspiron 7000. Về thiết kế, mẫu Inspiron mới ấn tượng người d&ugrave;ng với t&ocirc;ng m&agrave;u tươi trẻ, kiểu d&aacute;ng đẹp, mỏng nhẹ v&agrave; t&iacute;nh di động linh hoạt. Vỏ ngo&agrave;i nguy&ecirc;n khối bằng hợp kim magi&ecirc; cao cấp, hạn chế b&aacute;m dấu v&acirc;n tay v&agrave; chống trầy xước khi sử dụng.</p><p><img src=\"https://cdn.trangcongnghe.com/uploads/posts/2019-10/dell-tung-laptop-chay-chip-core-the-he-10-dau-tien-tai-viet-nam-gia-tu-1259-trieu-2.png\" alt=\"\" class=\"fr-fic fr-dii\"></p><p>Đặc biệt với mẫu laptop lai của d&ograve;ng 7000-series l&agrave; Inspiron 13 &ldquo;2-trong-1&rdquo; 7391, vị tr&iacute; đặt b&uacute;t Active pen được thiết kế lại an to&agrave;n hơn, tr&aacute;nh thất lạc trong qu&aacute; tr&igrave;nh di chuyển. Th&uacute; vị kh&ocirc;ng k&eacute;m l&agrave; mẫu laptop mỏng nhẹ nhất của d&ograve;ng 14 inch Inspiron 7490 với c&acirc;n nặng chỉ 1,09 kg v&agrave; 1,21 kg với phi&ecirc;n bản trang bị m&agrave;n h&igrave;nh cảm ứng. B&ecirc;n cạnh đ&oacute;, sản phẩm cũng hỗ trợ sạc qua adapter chuẩn USB PD 3.0 (USB Power Delivery) 65 watt.</p><p>Việc sử dụng cổng sạc chuẩn USB PD 3.0 được xem l&agrave; giải ph&aacute;p tiện dụng với người d&ugrave;ng thường xuy&ecirc;n di chuyển. Bạn chỉ cần d&ugrave;ng chung adapter cho nhiều thiết bị kh&aacute;c nhau qua cổng USB type C m&agrave; kh&ocirc;ng phải quan t&acirc;m đến sự kh&aacute;c biệt về c&ocirc;ng suất giữa c&aacute;c thiết bị cũng như khả năng đ&aacute;p ứng của adapter. Đ&acirc;y cũng l&agrave; điều m&agrave; Dell quan t&acirc;m nhằm mang lại sự tiện dụng, thoải m&aacute;i hơn đối với người d&ugrave;ng.</p><p><img src=\"https://cdn.trangcongnghe.com/uploads/posts/2019-10/dell-tung-laptop-chay-chip-core-the-he-10-dau-tien-tai-viet-nam-gia-tu-1259-trieu-3.jpg\" alt=\"\" class=\"fr-fic fr-dii\"></p><p>Một số cải tiến kh&aacute;c của Inspiron 7000-series như hệ thống bản lề mới, tạo thế tựa chắc chắn để sử dụng b&agrave;n ph&iacute;m một c&aacute;ch tự nhi&ecirc;n cũng như gi&uacute;p tản nhiệt hiệu quả. C&ocirc;ng nghệ Adaptive Thermal th&ocirc;ng minh với cơ chế tự động chuyển đổi chế độ tản nhiệt ph&ugrave; hợp theo trạng th&aacute;i sử dụng. C&ocirc;ng nghệ sạc nhanh ExpressCharge cho ph&eacute;p sạc đến 80% dung lượng pin chỉ trong 60 ph&uacute;t, r&uacute;t ngắn thời gian chờ đợi của người d&ugrave;ng.</p><h3><strong>DELL VOSTRO 2019</strong></h3><p>Tương tự Inspiron, c&aacute;c mẫu Vostro d&agrave;nh cho doanh nghiệp vừa v&agrave; nhỏ cũng c&oacute; sự thay đổi cả về phần cứng lẫn thiết kế sản phẩm. K&iacute;ch cỡ mỏng nhẹ hơn, lớp vỏ ngo&agrave;i chất liệu hợp kim nh&ocirc;m với kết cấu liền mạch l&agrave; những thay đổi dễ nhận thấy của sản phẩm trong năm 2019. Chẳng hạn Vostro 5000 13-5390 chỉ nặng 1,18 kg, &aacute;p ứng ti&ecirc;u chuẩn của laptop di động, hướng đến người d&ugrave;ng thường xuy&ecirc;n di chuyển.</p><p><img src=\"https://cdn.trangcongnghe.com/uploads/posts/2019-10/dell-tung-laptop-chay-chip-core-the-he-10-dau-tien-tai-viet-nam-gia-tu-1259-trieu-4.jpg\" alt=\"\" class=\"fr-fic fr-dii\"></p><p>Sản phẩm cũng trang bị một số c&ocirc;ng nghệ, t&iacute;nh năng ti&ecirc;n tiến như Adaptive Thermal tự chuyển đổi chế độ tản nhiệt theo trạng th&aacute;i sử dụng. C&ocirc;ng nghệ sạc nhanh ExpressCharge cho ph&eacute;p sạc đến 80% dung lượng pin chỉ trong 60 ph&uacute;t. Ứng dụng Dell Mobile Connect như một giải ph&aacute;p hữu hiệu kết nối giữa laptop v&agrave; điện thoại, cho ph&eacute;p người d&ugrave;ng thực hiện cuộc gọi, gửi/nhận tin nhắn trực tiếp ngay tr&ecirc;n m&agrave;n h&igrave;nh laptop.</p><p>C&aacute;c mẫu Vostro mới c&ograve;n c&agrave;i sẵn bộ tiện &iacute;ch My Dell gi&uacute;p kiểm so&aacute;t m&aacute;y t&iacute;nh đơn giản, hiệu quả hơn. Th&ocirc;ng qua một số c&ocirc;ng cụ t&iacute;ch hợp, bộ ứng dụng tiện &iacute;ch n&agrave;y gi&uacute;p duy tr&igrave; hiệu suất hoạt động của m&aacute;y, kiểm tra t&igrave;nh trạng phần cứng, cập nhật tr&igrave;nh điều khiển, tối ưu kết nối mạng, dọn dẹp c&aacute;c tập tin tạm hệ thống kh&ocirc;ng d&ugrave;ng đến, v..v.. B&ecirc;n cạnh đ&oacute;, My Dell cũng cung cấp ch&iacute;nh x&aacute;c cấu h&igrave;nh phần cứng m&aacute;y t&iacute;nh, gi&uacute;p việc chẩn đo&aacute;n dễ d&agrave;ng hơn khi hệ thống gặp sự cố, khi bạn cần hỗ trợ kỹ thuật từ trung t&acirc;m bảo h&agrave;nh của Dell.</p><p><img src=\"https://cdn.trangcongnghe.com/uploads/posts/2019-10/dell-tung-laptop-chay-chip-core-the-he-10-dau-tien-tai-viet-nam-gia-tu-1259-trieu-5.png\" alt=\"\" class=\"fr-fic fr-dii\"></p>', '<p>Laptop chạy chip core thế hệ 10 đầu ti&ecirc;n tại Việt Nam</p>', '2019-11-13 04:25:33'),
(3, 'Australia bác tin không sử dụng máy tính Lenovo', 'upload/4.PNG', '<p>Bộ quốc ph&ograve;ng Australia đ&atilde; ch&iacute;nh thức phủ nhận th&ocirc;ng tin về việc cơ quan quốc ph&ograve;ng nước n&agrave;y kh&ocirc;ng sử dụng m&aacute;y t&iacute;nh Lenovo của Trung Quốc v&igrave; l&yacute; do bảo mật.</p>', '<p>Bộ quốc ph&ograve;ng Australia đ&atilde; ch&iacute;nh thức phủ nhận th&ocirc;ng tin về việc cơ quan quốc ph&ograve;ng nước n&agrave;y kh&ocirc;ng sử dụng m&aacute;y t&iacute;nh Lenovo của Trung Quốc v&igrave; l&yacute; do bảo mật.</p><p data-empty=\"true\"><br></p><table cellpadding=\"10\" width=\"150\"><tbody><tr><td><img src=\"https://cdnmedia.baotintuc.vn/2013/08/09/18/01/0908Lenove.jpg\" class=\"fr-fic fr-dii\"><br><p align=\"justify\">Một gian h&agrave;ng trưng b&agrave;y sản phẩn m&aacute;y t&iacute;nh Lenovo. Ảnh: Internet</p></td></tr></tbody></table><p>Phản hồi tờ Financial Review về y&ecirc;u cầu x&aacute;c nhận rằng sản phẩm m&aacute;y t&iacute;nh Lenovo kh&ocirc;ng được ph&eacute;p sử dụng tr&ecirc;n hệ thống mạng quốc ph&ograve;ng v&agrave; mạng tối mật của Bộ Quốc ph&ograve;ng Australia, bộ n&agrave;y cho biết: &quot;Bộ Quốc ph&ograve;ng c&oacute; một quy tr&igrave;nh kiểm định chất lượng đối với tất cả c&aacute;c thiết bị được sử dụng tr&ecirc;n c&aacute;c mạng quốc ph&ograve;ng. Chưa c&oacute; một y&ecirc;u cầu n&agrave;o của Bộ Quốc ph&ograve;ng về việc thẩm định sản phẩm m&aacute;y t&iacute;nh Lenovo đối với c&aacute;c hệ thống bảo mật hoặc hệ thống th&ocirc;ng thường&quot;.‪</p><p data-empty=\"true\"><br></p><p>Trong một diễn biến kh&aacute;c, phản ứng về c&aacute;c b&agrave;i b&aacute;o đăng tr&ecirc;n tờ Financial Review của &Uacute;c ng&agrave;y 27 v&agrave; 29/7, đại diện một c&ocirc;ng ty phụ tr&aacute;ch PR của Lenovo cũng cho biết: &nbsp;&ldquo;Lenovo kh&ocirc;ng c&oacute; bất kỳ b&igrave;nh luận g&igrave; th&ecirc;m về những b&aacute;o c&aacute;o gần đ&acirc;y tr&ecirc;n tờ Australia Financial Review. Ch&uacute;ng t&ocirc;i muốn đưa ra một tuy&ecirc;n bố c&ocirc;ng khai của Bộ Quốc ph&ograve;ng Australia ngay tr&ecirc;n trang web của họ, theo đ&oacute;: B&aacute;o c&aacute;o n&agrave;y thực sự l&agrave; sai sự thật. Kh&ocirc;ng c&oacute; việc Bộ Quốc Ph&ograve;ng cấm sử dụng thiết bị/sản phẩm của Lenovo đối với cả c&aacute;c hệ thống đ&atilde; được x&aacute;c định hay chưa x&aacute;c định&rdquo;.</p><p data-empty=\"true\"><br></p><p>Trước đ&oacute;, theo đ&agrave;i tiếng n&oacute;i nước Nga, cơ quan tình báo của Anh v&agrave; một số cơ quan tình báo của Canada, New Zealand v&agrave; Mỹ đã ngừng sử dụng các m&aacute;y t&iacute;nh do C&ocirc;ng ty Lenovo (Trung Qu&ocirc;́c) sản xu&acirc;́t trong các hoạt động b&iacute; mật của họ. L&yacute; do ch&iacute;nh của việc tẩy chay là sự lo ngại các máy tính này dễ bị kẻ gian x&acirc;m nhập v&agrave; trộm th&ocirc;ng tin mật.</p>', '<p><br></p><h1>Australia b&aacute;c tin kh&ocirc;ng sử dụng m&aacute;y t&iacute;nh Lenovo</h1>', '2019-11-13 05:05:03');

-- --------------------------------------------------------

--
-- Cấu trúc bảng cho bảng `tbl_user`
--

CREATE TABLE `tbl_user` (
  `id_user` int(11) NOT NULL,
  `fullName` varchar(255) COLLATE utf8_unicode_ci DEFAULT NULL,
  `username` varchar(128) COLLATE utf8_unicode_ci NOT NULL,
  `password` varchar(255) COLLATE utf8_unicode_ci NOT NULL,
  `phone` varchar(11) COLLATE utf8_unicode_ci NOT NULL,
  `email` varchar(255) COLLATE utf8_unicode_ci NOT NULL,
  `gioitinh` tinyint(2) NOT NULL,
  `address` varchar(255) COLLATE utf8_unicode_ci DEFAULT NULL,
  `role` tinyint(4) NOT NULL
) ENGINE=InnoDB DEFAULT CHARSET=utf8 COLLATE=utf8_unicode_ci;

--
-- Đang đổ dữ liệu cho bảng `tbl_user`
--

INSERT INTO `tbl_user` (`id_user`, `fullName`, `username`, `password`, `phone`, `email`, `gioitinh`, `address`, `role`) VALUES
(27, 'Nguyễn Nga', 'admin', '670b14728ad9902aecba32e22fa4f6bd', '0393044280', 'nganguyen9499@gmail.com', 0, 'Thanh Hoá', 1),
(28, 'Nguyễn Thị Nga', 'nganguyen', '25f9e794323b453885f5181f1b624d0b', '0393044280', 'nganguyen99@gmail.com', 0, 'Thanh Hoa', 0);

--
-- Chỉ mục cho các bảng đã đổ
--

--
-- Chỉ mục cho bảng `tbl_hangsx`
--
ALTER TABLE `tbl_hangsx`
  ADD PRIMARY KEY (`id_hangsx`);

--
-- Chỉ mục cho bảng `tbl_loaisp`
--
ALTER TABLE `tbl_loaisp`
  ADD PRIMARY KEY (`id_loaisp`);

--
-- Chỉ mục cho bảng `tbl_oder`
--
ALTER TABLE `tbl_oder`
  ADD PRIMARY KEY (`oder`);

--
-- Chỉ mục cho bảng `tbl_oderdetail`
--
ALTER TABLE `tbl_oderdetail`
  ADD PRIMARY KEY (`id`),
  ADD KEY `cfk_oder` (`oder_id`);

--
-- Chỉ mục cho bảng `tbl_slideshow`
--
ALTER TABLE `tbl_slideshow`
  ADD PRIMARY KEY (`id`);

--
-- Chỉ mục cho bảng `tbl_sp`
--
ALTER TABLE `tbl_sp`
  ADD PRIMARY KEY (`id_sp`),
  ADD UNIQUE KEY `id_sp` (`id_sp`),
  ADD KEY `cfk_hang` (`id_hangsx`),
  ADD KEY `cfk_loai` (`id_loaisp`);

--
-- Chỉ mục cho bảng `tbl_tin`
--
ALTER TABLE `tbl_tin`
  ADD PRIMARY KEY (`id_tin`);

--
-- Chỉ mục cho bảng `tbl_user`
--
ALTER TABLE `tbl_user`
  ADD PRIMARY KEY (`id_user`) USING BTREE,
  ADD UNIQUE KEY `username` (`username`),
  ADD UNIQUE KEY `id_user` (`id_user`),
  ADD KEY `username_2` (`username`);

--
-- AUTO_INCREMENT cho các bảng đã đổ
--

--
-- AUTO_INCREMENT cho bảng `tbl_hangsx`
--
ALTER TABLE `tbl_hangsx`
  MODIFY `id_hangsx` int(11) NOT NULL AUTO_INCREMENT, AUTO_INCREMENT=9;

--
-- AUTO_INCREMENT cho bảng `tbl_oder`
--
ALTER TABLE `tbl_oder`
  MODIFY `oder` int(11) NOT NULL AUTO_INCREMENT, AUTO_INCREMENT=50;

--
-- AUTO_INCREMENT cho bảng `tbl_oderdetail`
--
ALTER TABLE `tbl_oderdetail`
  MODIFY `id` int(11) NOT NULL AUTO_INCREMENT, AUTO_INCREMENT=30;

--
-- AUTO_INCREMENT cho bảng `tbl_sp`
--
ALTER TABLE `tbl_sp`
  MODIFY `id_sp` int(11) NOT NULL AUTO_INCREMENT, AUTO_INCREMENT=50;

--
-- AUTO_INCREMENT cho bảng `tbl_tin`
--
ALTER TABLE `tbl_tin`
  MODIFY `id_tin` int(11) NOT NULL AUTO_INCREMENT, AUTO_INCREMENT=4;

--
-- AUTO_INCREMENT cho bảng `tbl_user`
--
ALTER TABLE `tbl_user`
  MODIFY `id_user` int(11) NOT NULL AUTO_INCREMENT, AUTO_INCREMENT=29;

--
-- Các ràng buộc cho các bảng đã đổ
--

--
-- Các ràng buộc cho bảng `tbl_oderdetail`
--
ALTER TABLE `tbl_oderdetail`
  ADD CONSTRAINT `cfk_oder` FOREIGN KEY (`oder_id`) REFERENCES `tbl_oder` (`oder`);

--
-- Các ràng buộc cho bảng `tbl_sp`
--
ALTER TABLE `tbl_sp`
  ADD CONSTRAINT `cfk_hang` FOREIGN KEY (`id_hangsx`) REFERENCES `tbl_hangsx` (`id_hangsx`),
  ADD CONSTRAINT `cfk_loai` FOREIGN KEY (`id_loaisp`) REFERENCES `tbl_loaisp` (`id_loaisp`);
COMMIT;

/*!40101 SET CHARACTER_SET_CLIENT=@OLD_CHARACTER_SET_CLIENT */;
/*!40101 SET CHARACTER_SET_RESULTS=@OLD_CHARACTER_SET_RESULTS */;
/*!40101 SET COLLATION_CONNECTION=@OLD_COLLATION_CONNECTION */;
